Ad,Adres,Telefon,E-posta,Web Sitesi,Google Maps Link
Telephone Master,"i belsa plaza, Ömerağa, Abdurrahman Yüksel Cd. D:7.blok no:8, 41100 İzmit/Kocaeli",0541 840 74 50,,https://instagram.com/telephonemaster41,https://www.google.com/maps/place/Kayalar+Telefon+-+Kocaeli+Telefon+Tamiri+-+%C4%B0zmit+Telefon+Tablet+Tamiri/data=!4m7!3m6!1s0x14cb45cde10a0a61:0xcd639c9ca8990a2b!8m2!3d40.7642674!4d29.9288339!16s%2Fg%2F11gs5_d41z!19sChIJYQoK4c1FyxQRKwqZqJycY80?authuser=0&hl=tr&rclk=1
Paşa Elektronik,"Kadıköy, Reşitpaşa Sk. No:29 D:1, 41050 İzmit/Kocaeli",,,N/A,https://www.google.com/maps/place/ZENG%C4%B0N+TEKNOLOJ%C4%B0+GSM/data=!4m7!3m6!1s0x14cb459ce48c70d5:0x841340033348ad69!8m2!3d40.7656807!4d29.9283694!16s%2Fg%2F11vs7w9k61!19sChIJ1XCM5JxFyxQRaa1IMwNAE4Q?authuser=0&hl=tr&rclk=1
Paşa Elektronik,"Kadıköy, Reşitpaşa Sk. No:29 D:1, 41050 İzmit/Kocaeli",,,N/A,https://www.google.com/maps/place/Telephone+Master/data=!4m7!3m6!1s0x14cb45e08971f941:0xe1764ced07bf00d0!8m2!3d40.7648923!4d29.9298813!16s%2Fg%2F11sqqjz9g8!19sChIJQflxieBFyxQR0AC_B-1MduE?authuser=0&hl=tr&rclk=1
MOBİTELL GSM TECHNOLOGY,"Ömerağa, Alemdar Cd. No: 45/A, 41000 İzmit/Kocaeli",0532 069 77 14,,N/A,https://www.google.com/maps/place/Pa%C5%9Fa+Elektronik/data=!4m7!3m6!1s0x14cb4f4dfcea8637:0x2031426ae7dbd148!8m2!3d40.7671083!4d29.943107!16s%2Fg%2F11sccw1t17!19sChIJN4bq_E1PyxQRSNHb52pCMSA?authuser=0&hl=tr&rclk=1
TEKNİKCELL,"Ömerağa Mahallesi Alemdar Caddesi Belsaplaza Zemin Kat No:72, 41100 İzmit/Kocaeli",0542 425 87 80,,N/A,https://www.google.com/maps/place/T%C3%BCrk+Telekom/data=!4m7!3m6!1s0x406364b0423cb1f9:0x260e0fd978c2c11f!8m2!3d40.7581897!4d29.979303!16s%2Fg%2F11bycj2091!19sChIJ-bE8QrBkY0ARH8HCeNkPDiY?authuser=0&hl=tr&rclk=1
ES TEKNOLOJİ,"Ömerağa, İstiklal Cd. no:97, 41001 İzmit/Kocaeli",0553 618 28 09,,http://www.esteknoloji.com.tr/,https://www.google.com/maps/place/MOB%C4%B0TELL+GSM+TECHNOLOGY/data=!4m7!3m6!1s0x14cb458af6c6644d:0x90893ecd0bbd293c!8m2!3d40.764985!4d29.9283359!16s%2Fg%2F11nnp_7lqr!19sChIJTWTG9opFyxQRPCm9C80-iZA?authuser=0&hl=tr&rclk=1
DMR GSM AKSESUAR İTHALAT,"Karabaş, Leyla Atakan Cd. 33/A, 41040 İzmit/Kocaeli",0530 857 04 41,,N/A,https://www.google.com/maps/place/TEKN%C4%B0KCELL/data=!4m7!3m6!1s0x14cb45ba75f04a9d:0x223acb7d6bd9092e!8m2!3d40.7646397!4d29.9290412!16s%2Fg%2F11ry7n82_w!19sChIJnUrwdbpFyxQRLgnZa33LOiI?authuser=0&hl=tr&rclk=1
A&T İletişim Teknoloji Ltd. Şti. Turkcell,"Bekirdere, Turan Güneş Cd. No: 339B, 41060 İzmit/Kocaeli",0534 629 11 73,,N/A,https://www.google.com/maps/place/ES+TEKNOLOJ%C4%B0/data=!4m7!3m6!1s0x14cb4722d8ffaa19:0x1cfb5f0454984219!8m2!3d40.7643422!4d29.9273185!16s%2Fg%2F11j64qrzj8!19sChIJGar_2CJHyxQRGUKYVARf-xw?authuser=0&hl=tr&rclk=1
Büyükkaraca GSM,"Büyükkaraca GSM, M. Alipaşa, Turan Güneş Cd. 234/A, 41050 İzmit/Kocaeli",0530 134 93 41,,N/A,https://www.google.com/maps/place/DMR+GSM+AKSESUAR+%C4%B0THALAT/data=!4m7!3m6!1s0x14cb4f00504da1f9:0x68c3a6dba0564ad3!8m2!3d40.7651351!4d29.9341652!16s%2Fg%2F11w319j3v8!19sChIJ-aFNUABPyxQR00pWoNumw2g?authuser=0&hl=tr&rclk=1
Toramantech,"Yenidoğan Mahallesi İstanbul Ankara, Karayolu Cd. No:29/B, 41100 Kocaeli",0551 181 52 97,,N/A,https://www.google.com/maps/place/A%26T+%C4%B0leti%C5%9Fim+Teknoloji+Ltd.+%C5%9Eti.+Turkcell/data=!4m7!3m6!1s0x14cb4f5e8f84469b:0xf2b14225342f6d69!8m2!3d40.7725729!4d29.9552689!16s%2Fg%2F11jmyrllsj!19sChIJm0aEj15PyxQRaW0vNCVCsfI?authuser=0&hl=tr&rclk=1
Faturavizyon,"Erenler, Turan Güneş Cd. No:247/B, 41100 İzmit/Kocaeli",0545 485 57 74,,N/A,https://www.google.com/maps/place/B%C3%BCy%C3%BCkkaraca+GSM/data=!4m7!3m6!1s0x14cb4f8a26534fb7:0xb85a73bd261593a6!8m2!3d40.7723324!4d29.9516428!16s%2Fg%2F11tg2_3qq8!19sChIJt09TJopPyxQRppMVJr1zWrg?authuser=0&hl=tr&rclk=1
Ekran Yenileme Merkezi,"SOYDAN İŞ MERKEZİ, Ömerağa, Alemdar Cd. No: 34 Zemin Kat No:4, 41300 İzmit/Kocaeli",0532 334 01 19,,N/A,https://www.google.com/maps/place/Toramantech/data=!4m7!3m6!1s0x14cb45f2def1bd97:0x48ebadd9548e5a68!8m2!3d40.7665855!4d29.9037447!16s%2Fg%2F11q_5gg8f_!19sChIJl73x3vJFyxQRaFqOVNmt60g?authuser=0&hl=tr&rclk=1
Özdağlar İletişim,"Ömerağa, Hürriyet Cd. Timur Apt. No:139, 41300 İzmit/Kocaeli (İzmit)",(0262) 322 94 94,,N/A,https://www.google.com/maps/place/Faturavizyon/data=!4m7!3m6!1s0x14cb4f8f42b9ec71:0xf6c307d81f888497!8m2!3d40.7712945!4d29.948623!16s%2Fg%2F11rsh33ll6!19sChIJcey5Qo9PyxQRl4SIH9gHw_Y?authuser=0&hl=tr&rclk=1
İZMİT CEP TELEFONU ÇELİK İLETİŞİM,"Karabaş, Cengiz Topel Cd. :42/A, 41100 İzmit/Kocaeli",0531 287 77 77,,N/A,https://www.google.com/maps/place/Ekran+Yenileme+Merkezi/data=!4m7!3m6!1s0x14cb45a94fe58853:0x9047c91ef37c3349!8m2!3d40.7647319!4d29.9284636!16s%2Fg%2F11kppzjs5c!19sChIJU4jlT6lFyxQRSTN88x7JR5A?authuser=0&hl=tr&rclk=1
BHB GSM,"Öztalay Pasajı, Ömerağa, Fethiye Cd. No:40/131, 41100 İzmit",0536 234 71 79,,N/A,https://www.google.com/maps/place/%C3%96zda%C4%9Flar+%C4%B0leti%C5%9Fim/data=!4m7!3m6!1s0x14cb457e4b3a0a31:0xa5602d0d85df49b7!8m2!3d40.7635925!4d29.9299205!16s%2Fg%2F1v7hxcv_!19sChIJMQo6S35FyxQRt0nfhQ0tYKU?authuser=0&hl=tr&rclk=1
30.08.2012,"Ömerağa, İnönü Cd. no:192/A, 41000 İzmit/Kocaeli",(0262) 323 38 88,,N/A,https://www.google.com/maps/place/%C4%B0ZM%C4%B0T+CEP+TELEFONU+%C3%87EL%C4%B0K+%C4%B0LET%C4%B0%C5%9E%C4%B0M/data=!4m7!3m6!1s0x14cb4fdab2e7e69d:0x803aef7c53635f2f!8m2!3d40.7648478!4d29.9380203!16s%2Fg%2F11m__d5j5v!19sChIJnebnstpPyxQRL19jU3zvOoA?authuser=0&hl=tr&rclk=1
bluetech store,"Yeşilova, Turan Güneş Cd. 701 D, 41060 İzmit/Kocaeli",0532 212 37 62,,N/A,https://www.google.com/maps/place/BHB+GSM/data=!4m7!3m6!1s0x14cb45dd187ef3cf:0xedf8fc11181710f4!8m2!3d40.7646008!4d29.9263404!16s%2Fg%2F11g4cyntpm!19sChIJz_N-GN1FyxQR9BAXGBH8-O0?authuser=0&hl=tr&rclk=1
النخبة للإتصالات إزميت,"Kadıköy, Bağdat Cd. No:17, 41050, 41050 İzmit/Kocaeli",0531 236 49 61,,N/A,https://www.google.com/maps/place/30.08.2012/data=!4m7!3m6!1s0x14cb4f807171725b:0x9f8e3af0ae907b74!8m2!3d40.765791!4d29.929467!16s%2Fg%2F12cp2ss4m!19sChIJW3JxcYBPyxQRdHuQrvA6jp8?authuser=0&hl=tr&rclk=1
İZMİT TECH PREMIUM,"Ömerağa, Hafız Şerif Sk. 9a, 41300 İzmit/Kocaeli",0505 672 04 41,,N/A,https://www.google.com/maps/place/bluetech+store/data=!4m7!3m6!1s0x14cb4f2cd175b95b:0xfa637e0bf9bb2411!8m2!3d40.7880564!4d29.9722071!16s%2Fg%2F11r_mh7fz8!19sChIJW7l10SxPyxQRESS7-Qt-Y_o?authuser=0&hl=tr&rclk=1
Nur iletişim,"Kadıköy, Bağdat Cd. no89/b, 41050 İzmit/Kocaeli",0541 416 33 07,,N/A,https://www.google.com/maps/place/%D8%A7%D9%84%D9%86%D8%AE%D8%A8%D8%A9+%D9%84%D9%84%D8%A5%D8%AA%D8%B5%D8%A7%D9%84%D8%A7%D8%AA+%D8%A5%D8%B2%D9%85%D9%8A%D8%AA%E2%80%AD/data=!4m7!3m6!1s0x14cb4f9a7328ff0f:0x69649a40433dec15!8m2!3d40.7685022!4d29.9412428!16s%2Fg%2F11h_cqbwx1!19sChIJD_8oc5pPyxQRFew9Q0CaZGk?authuser=0&hl=tr&rclk=1
Can İletişim,"Kadıköy, Bağdat Cd. No:66, 41050 Gebze/Kocaeli (Izmit)",(0262) 646 43 14,,N/A,https://www.google.com/maps/place/%C4%B0ZM%C4%B0T+TECH+PREMIUM/data=!4m7!3m6!1s0x14cb45b5a1be614d:0x1c049ac0a1003d64!8m2!3d40.7639846!4d29.9272919!16s%2Fg%2F11s1_0xctj!19sChIJTWG-obVFyxQRZD0AocCaBBw?authuser=0&hl=tr&rclk=1
KYA Teknoloji Turkcell İletişim Merkezi TİM 2,"Karabaş, Cengiz Topel Cd. No:50, 41040 İzmit/Kocaeli",0533 960 99 41,,https://www.instagram.com/turkcell_kyateknoloji/,https://www.google.com/maps/place/Nur+ileti%C5%9Fim/data=!4m7!3m6!1s0x14cb4fc1a50dc45d:0xf7d78f5ed91b0f7a!8m2!3d40.7683041!4d29.9454372!16s%2Fg%2F11kqfp5b1z!19sChIJXcQNpcFPyxQReg8b2V6P1_c?authuser=0&hl=tr&rclk=1
"Sarı İletişim Teknik Servis, Telefoncu, Turkcell, Telefon Hastanesi,Gölcük,Gölcük Telefon","TELEFONCU TEKNİK SERVİS TÜRKCELL İLETİŞİM MERKEZİ YANI GÜREL PASAJI, Merkez Mahallesi 19 Mayıs Caddesi No:38C Gürel Pasajı Gölcük/Kocaeli GÖLCÜK NO:38/C TÜRKCELL İLETİŞİM MERKEZİ YANI SARI İLETİŞİM, 41650 Gölcük/Kocaeli",0532 067 82 02,,N/A,https://www.google.com/maps/place/Can+%C4%B0leti%C5%9Fim/data=!4m7!3m6!1s0x14cade2ba438a903:0x178543d209443c38!8m2!3d40.7679002!4d29.9465466!16s%2Fg%2F1hc1vt7mh!19sChIJA6k4pCveyhQRODxECdJDhRc?authuser=0&hl=tr&rclk=1
Öncü İletişim - Telefon Teknik Servisi,"Karabaş Mahallesi İnönü Caddesi, Ihlamur Sk., 41000 İzmit/Kocaeli",0541 970 19 76,,N/A,https://www.google.com/maps/place/KYA+Teknoloji+Turkcell+%C4%B0leti%C5%9Fim+Merkezi+T%C4%B0M+2/data=!4m7!3m6!1s0x14cb4ff5111f296b:0xc540bf2681aa290d!8m2!3d40.7649152!4d29.9383718!16s%2Fg%2F11g3k7ybdh!19sChIJaykfEfVPyxQRDSmqgSa_QMU?authuser=0&hl=tr&rclk=1
X Teknik Servis,"Ömerağa, Abdurrahman Yüksel Cd. Belsa Plaza D:9/3 No:105 Kat: 1, 41300 İzmit/Kocaeli",0534 367 30 97,,http://www.instagram.com/xteknikservis,"https://www.google.com/maps/place/Sar%C4%B1+%C4%B0leti%C5%9Fim+Teknik+Servis,+Telefoncu,+Turkcell,+Telefon+Hastanesi,G%C3%B6lc%C3%BCk,G%C3%B6lc%C3%BCk+Telefon/data=!4m7!3m6!1s0x14cb41195173ae9f:0xdbe5817e91c9ed5e!8m2!3d40.7191237!4d29.8212864!16s%2Fg%2F11rv95zd8n!19sChIJn65zURlByxQRXu3JkX6B5ds?authuser=0&hl=tr&rclk=1"
Mollaoğlu İletişim,"Ömerağa, Abdurrahman Yüksel Cd. No:5, 41300 İzmit/Kocaeli",(0262) 323 22 01,,N/A,https://www.google.com/maps/place/%C3%96nc%C3%BC+%C4%B0leti%C5%9Fim+-+Telefon+Teknik+Servisi/data=!4m7!3m6!1s0x14cb4f863a437e41:0x7fd31872f00a2282!8m2!3d40.766063!4d29.9308187!16s%2Fg%2F11smvjy7_t!19sChIJQX5DOoZPyxQRgiIK8HIY038?authuser=0&hl=tr&rclk=1
Escom Bilişim Cep Telefonu Tablet Laptop Notebook Yazıcı Her Türlü Elektronik Alet Tamir servisi,"İstasyon, Hüsnü Efe Cd. No:36, 41250 Kartepe/Kocaeli",0533 315 58 60,,https://www.escombilisim.net/,https://www.google.com/maps/place/X+Teknik+Servis/data=!4m7!3m6!1s0x14cb4f631c0764bb:0x9d8704d773efca3a!8m2!3d40.7653177!4d29.9295092!16s%2Fg%2F11h8j_2bvw!19sChIJu2QHHGNPyxQROsrvc9cEh50?authuser=0&hl=tr&rclk=1
Hi-Phone Smart Service,"Karabaş, Leyla Atakan Cd. no:15, 41050 İzmit/Kocaeli",,,N/A,https://www.google.com/maps/place/Mollao%C4%9Flu+%C4%B0leti%C5%9Fim/data=!4m7!3m6!1s0x14cb457fda04071d:0x1bcc731da192fb2d!8m2!3d40.7651994!4d29.9299389!16s%2Fg%2F11fzf7r30r!19sChIJHQcE2n9FyxQRLfuSoR1zzBs?authuser=0&hl=tr&rclk=1
Nigtechgsm,"Ömerağa, Akça Cami Cd., 41300 İzmit/Kocaeli",0530 881 21 27,,N/A,https://www.google.com/maps/place/Escom+Bili%C5%9Fim+Cep+Telefonu+Tablet+Laptop+Notebook+Yaz%C4%B1c%C4%B1+Her+T%C3%BCrl%C3%BC+Elektronik+Alet+Tamir+servisi/data=!4m7!3m6!1s0x14cb51031df3273b:0xd08867494bc25d36!8m2!3d40.751467!4d30.0249487!16s%2Fg%2F11nkk3h0m5!19sChIJOyfzHQNRyxQRNl3CS0lniNA?authuser=0&hl=tr&rclk=1
Samsung İzmit,"Ömerağa, Alemdar Cd. No: 41/A, 41000 İzmit/Kocaeli",(0262) 321 08 00,,N/A,https://www.google.com/maps/place/Hi-Phone+Smart+Service/data=!4m7!3m6!1s0x14cb452c4c4ddca3:0xaac1c777b72e412c!8m2!3d40.763453!4d29.9345711!16s%2Fg%2F11spfm8w3l!19sChIJo9xNTCxFyxQRLEEut3fHwao?authuser=0&hl=tr&rclk=1
İPhone Kocaeli,"Erdem İş Merkezi, Ömerağa, Alemdar Cd. No:3 Kat:1, 41100 İzmit/Kocaeli",0551 895 78 38,,http://www.iphonekocaeli.com/,https://www.google.com/maps/place/Nigtechgsm/data=!4m7!3m6!1s0x14cb45005f0d72dd:0xf2b86fda6d4582d6!8m2!3d40.7656407!4d29.9285147!16s%2Fg%2F11vx5r8rph!19sChIJ3XINXwBFyxQR1oJFbdpvuPI?authuser=0&hl=tr&rclk=1
FATURAMATİK - Erdoğan İletişim,"Erenler, Turan Güneş Cd. 247/B, 41060 İzmit/Kocaeli",0545 485 57 74,,N/A,https://www.google.com/maps/place/Samsung+%C4%B0zmit/data=!4m7!3m6!1s0x14cb4536a22c4c2b:0x30c2b0531949d8e7!8m2!3d40.7644721!4d29.9282512!16s%2Fg%2F11j1mgrf77!19sChIJK0wsojZFyxQR59hJGVOwwjA?authuser=0&hl=tr&rclk=1
Özlem iletişim,"429 Mahmutpaşa, Karamürsel Cd., 41140 Başiskele/Kocaeli",0542 580 82 11,,https://instagram.com/gsmozlem?igshid=MzRlODBiNWFlZA==,https://www.google.com/maps/place/%C4%B0Phone+Kocaeli/data=!4m7!3m6!1s0x14cb4f800ab87559:0xa6eea890519f79bf!8m2!3d40.7623153!4d29.9287079!16s%2Fg%2F11f40lzlf_!19sChIJWXW4CoBPyxQRv3mfUZCo7qY?authuser=0&hl=tr&rclk=1
Tim Turkcell İletişim Merkezi,"Yenişehir, Akasyalar Cd. Arasta Park No:24, 41050 İzmit/Kocaeli (Izmit)",0539 653 49 41,,N/A,https://www.google.com/maps/place/FATURAMAT%C4%B0K+-+Erdo%C4%9Fan+%C4%B0leti%C5%9Fim/data=!4m7!3m6!1s0x14cb4ff205f4b767:0x7eca2bfef065e063!8m2!3d40.7712945!4d29.948623!16s%2Fg%2F11rrp5lwmf!19sChIJZ7f0BfJPyxQRY-Bl8P4ryn4?authuser=0&hl=tr&rclk=1
İLETKOM TİCARET ÇARŞI ŞUBESİ - TURKCELL,"ÖMERAĞA MAHALLESİ ALEMDAR CADDESİ SOYDAN İŞ MERKEZİ, NO:34/78, 41100 İzmit/Kocaeli",0538 286 00 00,,https://www.iletkom.com/,https://www.google.com/maps/place/%C3%96zlem+ileti%C5%9Fim/data=!4m7!3m6!1s0x14cb451ff8dc5971:0x2d64ffd2472d9454!8m2!3d40.7228282!4d29.9508723!16s%2Fg%2F11gfgxq927!19sChIJcVnc-B9FyxQRVJQtR9L_ZC0?authuser=0&hl=tr&rclk=1
"Yalçın İletişim, Teknik Servis, Telefoncu, Turkcell, Telefon Hastanesi","Yalçın-İletişim, Merkez, Preveze Cd. No:82/G, 41650 Gölcük/Kocaeli",0536 417 52 42,,N/A,https://www.google.com/maps/place/Tim+Turkcell+%C4%B0leti%C5%9Fim+Merkezi/data=!4m7!3m6!1s0x14cb501e770b17c5:0xb15cff5ac6c367cf!8m2!3d40.7667791!4d29.9765869!16s%2Fg%2F1hc3gtpbj!19sChIJxRcLdx5QyxQRz2fDxlr_XLE?authuser=0&hl=tr&rclk=1
Telephone Aksesuar Teknoloji / Teknik Servis,"Ömerağa, 41300 İzmit/Kocaeli",,,N/A,https://www.google.com/maps/place/%C4%B0LETKOM+T%C4%B0CARET+%C3%87AR%C5%9EI+%C5%9EUBES%C4%B0+-+TURKCELL/data=!4m7!3m6!1s0x14cb45ebb7a405af:0xcef48360145c30af!8m2!3d40.764362!4d29.9285564!16s%2Fg%2F11tdrtfy_t!19sChIJrwWkt-tFyxQRrzBcFGCD9M4?authuser=0&hl=tr&rclk=1
Tarık Erdem iletisim,"Ömerağa, Akça Cami Cd. sen is merkezi no:2/E, 41900 İzmit/Kocaeli",0506 805 91 49,,N/A,"https://www.google.com/maps/place/Yal%C3%A7%C4%B1n+%C4%B0leti%C5%9Fim,+Teknik+Servis,+Telefoncu,+Turkcell,+Telefon+Hastanesi/data=!4m7!3m6!1s0x14cb40d2042847af:0xcc31208288936651!8m2!3d40.7172787!4d29.8242112!16s%2Fg%2F11hb2hydsx!19sChIJr0coBNJAyxQRUWaTiIIgMcw?authuser=0&hl=tr&rclk=1"
TEKNOKAMPANYA İLETİŞİM - TURKCELL,"Ömerağa Mahallesi Alemdar Caddesi Soydan İş Merkezi, No:34/77, 41100 İzmit/Kocaeli",0534 970 50 70,,http://www.iletkom.com/,https://www.google.com/maps/place/Telephone+Aksesuar+Teknoloji+%2F+Teknik+Servis/data=!4m7!3m6!1s0x14cb457faf142d0f:0x82a8d74167cd5de0!8m2!3d40.7636006!4d29.9299096!16s%2Fg%2F11fkmxr0lj!19sChIJDy0Ur39FyxQR4F3NZ0HXqII?authuser=0&hl=tr&rclk=1
Türk Telekom,"Karabaş Mah. Salim Dervişoğlu Cad. No:82 Ncity, AVM, 41040 İzmit/Kocaeli",444 1 444,,https://www.turktelekom.com.tr/,https://www.google.com/maps/place/Tar%C4%B1k+Erdem+iletisim/data=!4m7!3m6!1s0x14cb45b4c6d92115:0x13afbf5d9ebd7482!8m2!3d40.7656233!4d29.9283152!16s%2Fg%2F11vwym8qff!19sChIJFSHZxrRFyxQRgnS9nl2_rxM?authuser=0&hl=tr&rclk=1
Türk Telekom,"Karabaş, Abdurrahman Yüksel Cd. No:10/A, 41500 İzmit/Kocaeli",444 1 444,,https://www.turktelekom.com.tr/,https://www.google.com/maps/place/TEKNOKAMPANYA+%C4%B0LET%C4%B0%C5%9E%C4%B0M+-+TURKCELL/data=!4m7!3m6!1s0x14cb4f9670a6fb49:0x43b370636fff7733!8m2!3d40.7643615!4d29.9285553!16s%2Fg%2F11fj3s2y4w!19sChIJSfumcJZPyxQRM3f_b2Nws0M?authuser=0&hl=tr&rclk=1
Yıltem Telekom,"Alikahya Fatih Mh. Seymen Cd, Muhabbet Sk. No:2, 41100 İzmit/Kocaeli",(0262) 325 15 50,info@yiltemtelekom.com,http://www.yiltemtelekom.com/,https://www.google.com/maps/place/T%C3%BCrk+Telekom/data=!4m7!3m6!1s0x152b6a5aec16b04f:0x5ab368d629816b4d!8m2!3d40.7604767!4d29.9344252!16s%2Fg%2F11bycgcc3d!19sChIJT7AW7FpqKxURTWuBKdZos1o?authuser=0&hl=tr&rclk=1
Ekran Terapisi,"SOYDAN İŞ MERKEZİ, Ömerağa, Alemdar Cd. No: 34 Zemin Kat No:4, 41300 İzmit/Kocaeli 1, sa. 26 dk, 41001 İzmit/Kocaeli",0536 416 11 29,,https://instagram.com/ekranterapisi?igshid=YmMyMTA2M2Y=,https://www.google.com/maps/place/T%C3%BCrk+Telekom/data=!4m7!3m6!1s0x14cabb4d87a9ed2b:0x1a8d3c2a85031f70!8m2!3d40.7646041!4d29.9303749!16s%2Fg%2F1tg83zzb!19sChIJK-2ph027yhQRcB8DhSo8jRo?authuser=0&hl=tr&rclk=1
Turkcell Iletişim Merkezi,"OMER AGA MAH. FETHIYE CAD. NO:11 IZMIT MERKEZ, 41310 İzmit",(0216) 344 44 44,"gnc-icon@2x.png, fizy-icon@2x.png, upcall-icon@2x.png, bip-icon@2x.png",https://www.turkcell.com.tr/,https://www.google.com/maps/place/Y%C4%B1ltem+Telekom/data=!4m7!3m6!1s0x14cb467267033715:0x5b6c417716de8789!8m2!3d40.775545!4d29.97859!16s%2Fg%2F1233pghhf!19sChIJFTcDZ3JGyxQRiYfeFndBbFs?authuser=0&hl=tr&rclk=1
Cep hane İletişim,"Ömerağa, İstiklal Sk No:1, 41300 İzmit/Kocaeli",0538 540 00 53,,https://instagram.com/cephanemaksesuar?igshid=1srgqkizrvor,https://www.google.com/maps/place/Ekran+Terapisi/data=!4m7!3m6!1s0x14cabbf49caa4c49:0xc9b4a18c4ec418e2!8m2!3d40.7645412!4d29.9283859!16s%2Fg%2F11t_kw09_t!19sChIJSUyqnPS7yhQR4hjEToyhtMk?authuser=0&hl=tr&rclk=1
Tamay İletişim,"Çukurbağ, İnönü Cd. No:169, 41050 İzmit/Kocaeli",0545 930 78 73,,N/A,https://www.google.com/maps/place/Turkcell+Ileti%C5%9Fim+Merkezi/data=!4m7!3m6!1s0x14cb4581b7844ab5:0x68e08b679bfa6d0b!8m2!3d40.7648648!4d29.9271756!16s%2Fg%2F11c1xpfgm2!19sChIJtUqEt4FFyxQRC236m2eL4Gg?authuser=0&hl=tr&rclk=1
KYA Teknoloji Turkcell İletişim Merkezi Dolphin AVM,"Körfez, Gazanfer Bilge Blv, 41040 İzmit/Kocaeli",0533 960 99 41,,https://www.instagram.com/turkcell_kyateknoloji/,https://www.google.com/maps/place/Cep+hane+%C4%B0leti%C5%9Fim/data=!4m7!3m6!1s0x14cb450dd99ef0bf:0xf11d77b99406c134!8m2!3d40.7635765!4d29.927784!16s%2Fg%2F11hdsrs_8w!19sChIJv_Ce2Q1FyxQRNMEGlLl3HfE?authuser=0&hl=tr&rclk=1
Ekin Teknik,"Ömerağa, Akça Cami Cd., 41300 İzmit/Kocaeli",,,N/A,https://www.google.com/maps/place/Tamay+%C4%B0leti%C5%9Fim/data=!4m7!3m6!1s0x14cb4fdd9613fc95:0xfaeaedb1dfedc148!8m2!3d40.7667923!4d29.9330833!16s%2Fg%2F11fwdgk_2q!19sChIJlfwTlt1PyxQRSMHt37Ht6vo?authuser=0&hl=tr&rclk=1
Üçyol GSM - Teknik Servis - İzmit telefon tamiri - İzmit cep telefon tamiri - İphone servis,"28 Haziran, Turan Güneş Cd. No:259, 41060 İzmit/Kocaeli",0505 787 53 41,,https://ucyolgsm.sahibinden.com/,https://www.google.com/maps/place/KYA+Teknoloji+Turkcell+%C4%B0leti%C5%9Fim+Merkezi+Dolphin+AVM/data=!4m7!3m6!1s0x14cb45dbeb192a8f:0xfaf10338da5590e5!8m2!3d40.7630702!4d29.9378594!16s%2Fg%2F11rglj2v7m!19sChIJjyoZ69tFyxQR5ZBV2jgD8fo?authuser=0&hl=tr&rclk=1
As Mobil - Kocaeli Symbol AVM,"Ovacık, 41140 Başiskele/Kocaeli",,,N/A,https://www.google.com/maps/place/Ekin+Teknik/data=!4m7!3m6!1s0x14cb457ffbedace1:0x2949cd542342ae53!8m2!3d40.7656587!4d29.9282331!16s%2Fg%2F11ffl__tdm!19sChIJ4azt-39FyxQRU65CI1TNSSk?authuser=0&hl=tr&rclk=1
Mir gsm,"Ömerağa, 41001 İzmit/Kocaeli",0532 646 41 21,,N/A,https://www.google.com/maps/place/%C3%9C%C3%A7yol+GSM+-+Teknik+Servis+-+%C4%B0zmit+telefon+tamiri+-+%C4%B0zmit+cep+telefon+tamiri+-+%C4%B0phone+servis/data=!4m7!3m6!1s0x14cb4fbd3ddcc7c1:0x922c771479665ca6!8m2!3d40.7716814!4d29.9493937!16s%2Fg%2F11j8nckkz2!19sChIJwcfcPb1PyxQRplxmeRR3LJI?authuser=0&hl=tr&rclk=1
ESA AKSESUAR,"Acısu, 41320 Kartepe/Kocaeli",0535 440 24 09,,N/A,https://www.google.com/maps/place/As+Mobil+-+Kocaeli+Symbol+AVM/data=!4m7!3m6!1s0x14cb516cf323ee5f:0xdd5ce4ffb5fd87f1!8m2!3d40.7578316!4d29.9798454!16s%2Fg%2F11pd7cx37x!19sChIJX-4j82xRyxQR8Yf9tf_kXN0?authuser=0&hl=tr&rclk=1
Paşa Elektronik,"Kadıköy, Kamelya Sk. 5/b, 41100 İzmit/Kocaeli",0538 402 77 41,,N/A,https://www.google.com/maps/place/Mir+gsm/data=!4m7!3m6!1s0x14cb45d8aca64521:0x6b3efd1b1272893d!8m2!3d40.7656875!4d29.9289844!16s%2Fg%2F11yb__1nxm!19sChIJIUWmrNhFyxQRPYlyEhv9Pms?authuser=0&hl=tr&rclk=1
ONUR İletişim Sıfır ve 2. El cihaz alım satım,"Ömerağa, İstiklal Cd., 41300 İzmit/Kocaeli",,,N/A,https://www.google.com/maps/place/ESA+AKSESUAR/data=!4m7!3m6!1s0x14cb57696a82d989:0x99a401f5fc3eda72!8m2!3d40.728384!4d30.0713809!16s%2Fg%2F11h54r1zf1!19sChIJidmCamlXyxQRcto-_PUBpJk?authuser=0&hl=tr&rclk=1
فراس للإتصالات. FİRAS İLETİŞİM,"Cedit Mah. Leyla Atakan Cd, Cedit, Hisar Gç. Sk. no:33, 41300 İzmit/Kocaeli",0538 732 31 98,,https://www.google.com/search?q=F%C4%B0RAS+%C4%B0LET%C4%B0%C5%9E%C4%B0M&stick=H4sIAAAAAAAA_-NgU1I1qDA0SU4ySTM0NrZINrBMTTS1MqgwTUwyTzGzNDYzNEg0T7EwWMQq7HZkQ5BjsMKRDT6uIUc2HJ13ZIMvAB4YRBw_AAAA&hl=ar&mat=CaXXQgBfBf9fElYBNqvzOrplrYjDZTlYJ1VcoC7TPQ_I0Ztrew-JlEwI3-zPALKZUCgN1DyFIqcNfuRqo-Wh9GOtzGCauj-uVaFa5yLPZIPPwPWcMSIlKKLSVoSNvSN7zA&authuser=0#lpg=cid:CgIgARICEAE%3D&pgsivoi=1&wptab=si:AC1wQDAXKblb4YtxZaDquKpQ5Js55CVph8NS1FIwBhgs6qyyHkh_tTh82OCWtmvTVfLNAjNRlTD-TCpUBthX-X9rZlMFvjjtjIkKayyvKSfwJ5pcRiZgT4MNcvZvFXly9MWLHbR4_08An-fzG8L926-jN5W1qgb4BA%3D%3D,https://www.google.com/maps/place/Pa%C5%9Fa+Elektronik/data=!4m7!3m6!1s0x14cb4fb61e6d0961:0xa920d24ebf715ec9!8m2!3d40.7835163!4d29.92079!16s%2Fg%2F11k3bffytv!19sChIJYQltHrZPyxQRyV5xv07SIKk?authuser=0&hl=tr&rclk=1
LITECH,"Ömerağa, 41300 İzmit/Kocaeli",,,N/A,https://www.google.com/maps/place/ONUR+%C4%B0leti%C5%9Fim+S%C4%B1f%C4%B1r+ve+2.+El+cihaz+al%C4%B1m+sat%C4%B1m/data=!4m7!3m6!1s0x14cb45221fefe1c9:0x72a61c55dc91a6eb!8m2!3d40.7642424!4d29.9284489!16s%2Fg%2F11thhf4n2_!19sChIJyeHvHyJFyxQR66aR3FUcpnI?authuser=0&hl=tr&rclk=1
Çınarlı GSM,"Cedit, Leyla Atakan Cd. No:53 B, 41900, 41100 İzmit/Kocaeli",0505 028 79 48,,N/A,https://www.google.com/maps/place/%D9%81%D8%B1%D8%A7%D8%B3+%D9%84%D9%84%D8%A5%D8%AA%D8%B5%D8%A7%D9%84%D8%A7%D8%AA.+F%C4%B0RAS+%C4%B0LET%C4%B0%C5%9E%C4%B0M%E2%80%AD/data=!4m7!3m6!1s0x14cb4f1338c09ea5:0x5ab7d693610a7d80!8m2!3d40.76679!4d29.934732!16s%2Fg%2F11k3lx6dmg!19sChIJpZ7AOBNPyxQRgH0KYZPWt1o?authuser=0&hl=tr&rclk=1
Cebimoplus,"Ömerağa, Belsa Sk. Belsa plaza zemin kat No:17, 41300 İzmit/Kocaeli",0539 204 97 97,,https://www.cebimo.com/,https://www.google.com/maps/place/LITECH/data=!4m7!3m6!1s0x14cb454fba17aee7:0x23940e126b9fdb8f!8m2!3d40.765737!4d29.9293976!16s%2Fg%2F11mvzh23z1!19sChIJ564Xuk9FyxQRj9ufaxIOlCM?authuser=0&hl=tr&rclk=1
Dataport Bilgi İşlem Çözümleri Sanayi ve Ticaret Ltd.Şti. - Teknopark Ofis,"Teknopark A.Ş. T-5 Yeniköy, 41275",(0262) 341 28 06,,N/A,https://www.google.com/maps/place/%C3%87%C4%B1narl%C4%B1+GSM/data=!4m7!3m6!1s0x14cb4fadd06639a9:0xe6e4f73c941461f9!8m2!3d40.7669383!4d29.9349946!16s%2Fg%2F11vj56v58z!19sChIJqTlm0K1PyxQR-WEUlDz35OY?authuser=0&hl=tr&rclk=1
ÖZSOY İLETİŞİM,"Alikahya Atatürk, Fatih Sultan Mehmet Blv. 34/B, 41100 İzmit/Kocaeli",0534 575 23 18,,http://instagram.com/ozsoyy_iletisimm,https://www.google.com/maps/place/Cebimoplus/data=!4m7!3m6!1s0x14cb45a9853e901b:0xd6c5ec9cd8399010!8m2!3d40.7650617!4d29.9291789!16s%2Fg%2F11x31drdms!19sChIJG5A-halFyxQREJA52JzsxdY?authuser=0&hl=tr&rclk=1
Kocaeli Teknikeller Telefon Tamir Servisi,"Ömerağa mah belsa Plaza Zemin kat no:17 9/1, 41100 İzmit",0506 805 91 49,,N/A,https://www.google.com/maps/place/Dataport+Bilgi+%C4%B0%C5%9Flem+%C3%87%C3%B6z%C3%BCmleri+Sanayi+ve+Ticaret+Ltd.%C5%9Eti.+-+Teknopark+Ofis/data=!4m7!3m6!1s0x14cb43ffa3764e9d:0xce171905b8dfcf8c!8m2!3d40.70313!4d29.883863!16s%2Fg%2F1thszsyd!19sChIJnU52o_9DyxQRjM_fuAUZF84?authuser=0&hl=tr&rclk=1
asdasfasfa,"Ömerağa, Belsa Sk. Belsa Plaza Zemin Kat No:17, 41300 İzmit/Kocaeli",,,N/A,https://www.google.com/maps/place/%C3%96ZSOY+%C4%B0LET%C4%B0%C5%9E%C4%B0M/data=!4m7!3m6!1s0x14cb51d3ebd85dbd:0x3b206dd20bc857cb!8m2!3d40.7733561!4d30.0066824!16s%2Fg%2F11t31_60hz!19sChIJvV3Y69NRyxQRy1fIC9JtIDs?authuser=0&hl=tr&rclk=1
Saatci Teknik Servis Kocaeli,"Veliahmet, Alemdar Cd. No:93/C, 41200 İzmit/Kocaeli",(0262) 323 30 88,,N/A,https://www.google.com/maps/place/Kocaeli+Teknikeller+Telefon+Tamir+Servisi/data=!4m7!3m6!1s0x14cb47b73956ba61:0x8c2b504188ed3b05!8m2!3d40.7760658!4d29.8800403!16s%2Fg%2F11g_v6s8mh!19sChIJYbpWObdHyxQRBTvtiEFQK4w?authuser=0&hl=tr&rclk=1
Ortak iletişim,"Hacıhasan, İnönü Cd. No:69, 41310 İzmit/Kocaeli",0551 014 37 56,,N/A,https://www.google.com/maps/place/asdasfasfa/data=!4m7!3m6!1s0x14cb45a477fb0759:0x464fd1436a474c7a!8m2!3d40.7650136!4d29.9293739!16s%2Fg%2F11v0_g45l6!19sChIJWQf7d6RFyxQRekxHakPRT0Y?authuser=0&hl=tr&rclk=1
Türk Telekom Müdürlüğü,"Ömerağa, Alemdar Cd. No:43, 41300 İzmit/Kocaeli",444 1 444,,http://www.turktelekom.com.tr/,https://www.google.com/maps/place/Saatci+Teknik+Servis+Kocaeli/data=!4m7!3m6!1s0x14cb4f7f92fa272f:0x18936f884d37672e!8m2!3d40.7676356!4d29.926847!16s%2Fg%2F11hyspm5k0!19sChIJLyf6kn9PyxQRLmc3TYhvkxg?authuser=0&hl=tr&rclk=1
Şimşir iletişim,"Ömerağa, Fethiye Cd. öztalay iş merkezi D:1.kat, 41500 İzmit/Kocaeli",0535 045 70 78,,N/A,https://www.google.com/maps/place/Ortak+ileti%C5%9Fim/data=!4m7!3m6!1s0x14cb450059d348d7:0x89eb71082b109204!8m2!3d40.765325!4d29.9249679!16s%2Fg%2F11tmzzx0l4!19sChIJ10jTWQBFyxQRBJIQKwhx64k?authuser=0&hl=tr&rclk=1
YAMAN İLETİŞİM,"Tepecik, İstiklal Cd. 40/A, 41200 İzmit/Kocaeli",,,N/A,https://www.google.com/maps/place/T%C3%BCrk+Telekom+M%C3%BCd%C3%BCrl%C3%BC%C4%9F%C3%BC/data=!4m7!3m6!1s0x14cb45638580ee4f:0x3ed2f13dcdabe00e!8m2!3d40.7645845!4d29.9282307!16s%2Fg%2F11j6wx_61g!19sChIJT-6AhWNFyxQRDuCrzT3x0j4?authuser=0&hl=tr&rclk=1
Cep X İletişim,"Karabaş, İnönü Cd. No:236, 41000 İzmit/Kocaeli",0552 919 73 89,,N/A,https://www.google.com/maps/place/%C5%9Eim%C5%9Fir+ileti%C5%9Fim/data=!4m7!3m6!1s0x14cb45a6c01cc1c1:0x7b14d44a1079b7a4!8m2!3d40.7647153!4d29.9266641!16s%2Fg%2F11v_85zr3f!19sChIJwcEcwKZFyxQRpLd5EErUFHs?authuser=0&hl=tr&rclk=1
"Sembol Mesaj | SMS, MMS, Sesli Mesaj,Mobil Anket, Sanal Santral","Canpolat İş Merkezi, Yenişehir, Banu Sk. No:55/A, 41040 İzmit/Kocaeli",0850 666 0566,info@sembolmesaj.com,http://www.sembolmesaj.com/,https://www.google.com/maps/place/YAMAN+%C4%B0LET%C4%B0%C5%9E%C4%B0M/data=!4m7!3m6!1s0x14cb4593d131104d:0x50d85d5169b37475!8m2!3d40.76353!4d29.9249463!16s%2Fg%2F11rwmr78ns!19sChIJTRAx0ZNFyxQRdXSzaVFd2FA?authuser=0&hl=tr&rclk=1
"Sembol Mesaj | SMS, MMS, Sesli Mesaj,Mobil Anket, Sanal Santral","Canpolat İş Merkezi, Yenişehir, Banu Sk. No:55/A, 41040 İzmit/Kocaeli",0850 666 0566,info@sembolmesaj.com,http://www.sembolmesaj.com/,https://www.google.com/maps/place/Cep+X+%C4%B0leti%C5%9Fim/data=!4m7!3m6!1s0x14cb4f7680407c83:0x8f8910e8b0ff969a!8m2!3d40.7660774!4d29.931364!16s%2Fg%2F11splgws1p!19sChIJg3xAgHZPyxQRmpb_sOgQiY8?authuser=0&hl=tr&rclk=1
Şen İletişim Kocaeli,"Ömerağa, Alemdar Cd. Şen İş Merkezi Giriş kat No.044, 41300 İzmit/Kocaeli",(0262) 331 55 37,,N/A,"https://www.google.com/maps/place/Sembol+Mesaj+%7C+SMS,+MMS,+Sesli+Mesaj,Mobil+Anket,+Sanal+Santral/data=!4m7!3m6!1s0x14cb4fe6fd61dd09:0x843f26e32afcb953!8m2!3d40.765532!4d29.965568!16s%2Fg%2F11c2pp37p7!19sChIJCd1h_eZPyxQRU7n8KuMmP4Q?authuser=0&hl=tr&rclk=1"
Kocaeli GSM Teknik Servis,"Ömerağa, İnönü Cd. 154/a, 41300 İzmit/Kocaeli",,,N/A,https://www.google.com/maps/place/AYZ+%C4%B0leti%C5%9Fim/data=!4m7!3m6!1s0x14cb4f1c9ac48d15:0xa0f8e2e6ade9d5d1!8m2!3d40.7658082!4d29.9299045!16s%2Fg%2F11y2b_mjm8!19sChIJFY3EmhxPyxQR0dXprebi-KA?authuser=0&hl=tr&rclk=1
AY-AS İletişim,"Mehmetağa, Karamürsel Cd. No:156, 41140 Başiskele/Kocaeli",,,N/A,https://www.google.com/maps/place/%C5%9Een+%C4%B0leti%C5%9Fim+Kocaeli/data=!4m7!3m6!1s0x14cb45da9a501a5f:0x886d717dfe4ba803!8m2!3d40.7653923!4d29.9282797!16s%2Fg%2F11gxmghj21!19sChIJXxpQmtpFyxQRA6hL_n1xbYg?authuser=0&hl=tr&rclk=1
Upex Mobile,"Ömerağa, Alemdar Cd. SOYDAN İŞHANİ NO34/61, 41000 İzmit/Kocaeli",0533 661 03 99,,N/A,https://www.google.com/maps/place/Kocaeli+GSM+Teknik+Servis/data=!4m7!3m6!1s0x14cb451f7ef60ee5:0x950e4ea891130e4f!8m2!3d40.7656716!4d29.9271395!16s%2Fg%2F11l5ntdd0j!19sChIJ5Q72fh9FyxQRTw4TkahODpU?authuser=0&hl=tr&rclk=1
Fatih iletişim ceptelefunu tamir,"Doğan, Hasan Atakan Cd. No:15, 41100 İzmit/Kocaeli",0535 312 00 00,,N/A,https://www.google.com/maps/place/AY-AS+%C4%B0leti%C5%9Fim/data=!4m7!3m6!1s0x14cb5b8453db9f83:0xdd4bdaa30479bf1c!8m2!3d40.7240722!4d29.9885935!16s%2Fg%2F11r9v9qf_0!19sChIJg5_bU4RbyxQRHL95BKPaS90?authuser=0&hl=tr&rclk=1
Micro Tech Telefon Tamir Ve Bakım,"İstasyon, Mis Sk. No:13, 41250 Kartepe/Kocaeli",,,N/A,https://www.google.com/maps/place/Upex+Mobile/data=!4m7!3m6!1s0x14cb4591a09218e9:0x438890cf03aae70f!8m2!3d40.7643587!4d29.9284415!16s%2Fg%2F11lw8pyfwp!19sChIJ6RiSoJFFyxQRD-eqA8-QiEM?authuser=0&hl=tr&rclk=1
CIFTECHNOLOGY,"Akdoğan Pasajı, ömerağa mahallesi hürriyet caddesi no:131/7, Hürriyet Cd. No:131, 41100 Kocaeli",0535 865 41 41,,N/A,https://www.google.com/maps/place/Fatih+ileti%C5%9Fim+ceptelefunu+tamir/data=!4m7!3m6!1s0x14cb460b8c9a591b:0xf89998fb3411c7d6!8m2!3d40.765679!4d29.8761344!16s%2Fg%2F11hbqvlpft!19sChIJG1majAtGyxQR1scRNPuYmfg?authuser=0&hl=tr&rclk=1
Deniz İletişim,"Karabaş, Cengiz Topel Cd. NO:42, 41040 İzmit/Kocaeli",,,N/A,https://www.google.com/maps/place/Micro+Tech+Telefon+Tamir+Ve+Bak%C4%B1m/data=!4m7!3m6!1s0x14cb5155140854a1:0xd84d790e775dec8c!8m2!3d40.7514809!4d30.02487!16s%2Fg%2F11tcgn7jrj!19sChIJoVQIFFVRyxQRjOxddw55Tdg?authuser=0&hl=tr&rclk=1
Türk Telekom,"Karabaş, Hürriyet Cd. No:159/A, 41040 İzmit/Kocaeli",444 1 444,,https://www.turktelekom.com.tr/,https://www.google.com/maps/place/CIFTECHNOLOGY/data=!4m7!3m6!1s0x14cb457fa2730f89:0xeb0f3c616b602d4!8m2!3d40.7637722!4d29.929268!16s%2Fg%2F11gsbfn6y9!19sChIJiQ9zon9FyxQR1AK2FsbzsA4?authuser=0&hl=tr&rclk=1
Çağrı iletişim,"Kadıköy, Turan Güneş Cd. No:204, 41050 İzmit/Kocaeli",,,N/A,https://www.google.com/maps/place/Deniz+%C4%B0leti%C5%9Fim/data=!4m7!3m6!1s0x14cb4f87c86cb02d:0x82aab74f48f1bf88!8m2!3d40.7649964!4d29.9380076!16s%2Fg%2F11j4sv_vs5!19sChIJLbBsyIdPyxQRiL_xSE-3qoI?authuser=0&hl=tr&rclk=1
As Mobil Symbol İzmit,"Symbol Avm Asmobil mağazası, Ovacık, D100 no:34/3, 41140 İzmit/Kocaeli",0539 292 30 41,,N/A,https://www.google.com/maps/place/T%C3%BCrk+Telekom/data=!4m7!3m6!1s0x14d351f077f3df0f:0xdabf45f80ee9280e!8m2!3d40.7644339!4d29.93307!16s%2Fg%2F1q671qq2f!19sChIJD9_zd_BR0xQRDijpDvhFv9o?authuser=0&hl=tr&rclk=1
Tim-Avm,"Doruk Kocaeli Iletisim.hizm.telekom.it.ih.s.tic.ltd., Symbol AVM E-5 Izmit, Başiskele, 41140 Kocaeli/Ovacık Mh.",(0282) 768 72 05,,N/A,https://www.google.com/maps/place/%C3%87a%C4%9Fr%C4%B1+ileti%C5%9Fim/data=!4m7!3m6!1s0x14cb4f4878ff60df:0x88fd9abc0bf0650c!8m2!3d40.7700538!4d29.9473299!16s%2Fg%2F11tfsycjhl!19sChIJ32D_eEhPyxQRDGXwC7ya_Yg?authuser=0&hl=tr&rclk=1
ESEN İLETİŞİM,"28 Haziran, Turan Güneş Cd. NO:301/B, 41060 İzmit/Kocaeli",,,N/A,https://www.google.com/maps/place/As+Mobil+Symbol+%C4%B0zmit/data=!4m7!3m6!1s0x14cb5100e7b50515:0x8dad3e4603de44a8!8m2!3d40.7585913!4d29.9790307!16s%2Fg%2F11vb38clt1!19sChIJFQW15wBRyxQRqETeA0Y-rY0?authuser=0&hl=tr&rclk=1
Vodafone Bee Shop,"Karabaş, Cengiz Topel Cd. No:46, 41040 İzmit/Kocaeli",,,https://turkmia.org/Vodafone+Bee+Shop-871394,https://www.google.com/maps/place/Tim-Avm/data=!4m7!3m6!1s0x14cb5aada663ba9f:0xf8cb54494221216!8m2!3d40.7443735!4d29.9772457!16s%2Fg%2F11bz_30178!19sChIJn7pjpq1ayxQRFhIilES1jA8?authuser=0&hl=tr&rclk=1
ONKO Technology,"Kemalpaşa, Hürriyet Cd. No:51/A, 41100 İzmit/Kocaeli",0544 367 53 08,,N/A,https://www.google.com/maps/place/ESEN+%C4%B0LET%C4%B0%C5%9E%C4%B0M/data=!4m7!3m6!1s0x14cb51d72bad048d:0x2356ddb2ae0f17f5!8m2!3d40.772903!4d29.952615!16s%2Fg%2F11fy4bn0zh!19sChIJjQStK9dRyxQR9RcPrrLdViM?authuser=0&hl=tr&rclk=1
FTS GSM,"Plaza Avm, Ömerağa, Belsa Sk. No:3, 41100 İzmit/Kocaeli",0501 298 52 41,,N/A,https://www.google.com/maps/place/Vodafone+Bee+Shop/data=!4m7!3m6!1s0x14cb4f87c7cd9929:0x57742fc34ea93cf9!8m2!3d40.7648799!4d29.9380836!16s%2Fg%2F11gyyjhhmq!19sChIJKZnNx4dPyxQR-TypTsMvdFc?authuser=0&hl=tr&rclk=1
Gsm Teknik Servis,"Ömerağa, belsa plaza Giriş kat a blok no 13, 41200 İzmit/Kocaeli",,,N/A,https://www.google.com/maps/place/ONKO+Technology/data=!4m7!3m6!1s0x14cb4511895395eb:0x65468902f5bb0e94!8m2!3d40.7630087!4d29.9244505!16s%2Fg%2F11sqkt05vd!19sChIJ65VTiRFFyxQRlA679QKJRmU?authuser=0&hl=tr&rclk=1
Teknosa,"Ovacık, D100 No:34, 41140 Başiskele/Kocaeli",0850 222 5599,"fitness_220316@1x.jpg, bilgilendirme@teknosa.com, yenilenmis_220530@1x.jpg, widget_axessodeme_250120@2x.jpg, widget_bonusodeme_250120@2x.jpg, kulaklik_210110@1x.jpg, wearable_technology@2x.png, axess@2x.png, tosla_logo_250326@2x.png, konsol_aksesuar_210110@1x.jpg, lens_220902@1x.jpg, widget_tablet_jenerik_250430@2x.jpg, widget_alisveriskredisiodeme_250120@2x.jpg, widget_birliktealkampanyasi_250422@2x.jpg, cicekbakimi_250418@2x.png, axess@1x.png, hirdavat_240311@2x.jpg, scooter_220316@1x.jpg, android_210110@1x.jpg, konsol_210110@1x.jpg, oyuncak_230105@1x.jpg, cevre_birimleri_210110@1x.jpg, maske_220901@1x.jpg, vurmali_210110@1x.jpg, dikis_makinesi_220316@1x.jpg, ankastre_210110@1x.jpg, akilli_kiyafet_220822@1x.jpg, monitor_220530@1x.jpg, bebek_220211@1x.jpg, opt_5@1x.png, mobile_phone_acc@1x.png, kamera_210110@1x.jpg, kamp_220316@1x.jpg, klima_210110@1x.jpg, aydinlatma_210110@1x.jpg, app-store-tp@1x.png, bahce_230105@1x.jpg, wellbeing@2x.jpg, opt_2@1x.png, opt_3@2x.png, mobile_phone_acc@2x.png, ios-device-230823@0.5x.png, home_phones@1x.png, app-gallery-tp@2x.png, qnb@2x.png, jenerator_250418@2x.png, buzdolabi_210110@1x.jpg, drone_230105@1x.jpg, euronics@2x.png, bonus@2x.png, widget_taksitalisveris_kamp_250416@2x.jpg, app-store-tp@2x.png, fotograf_makinesi_210110@1x.jpg, mobilya_220211@1x.jpg, google-play-tp@1x.png, epilasyon_210110@1x.jpg, bahcemalz_250417@2x.png, oyuncu_ekipman_210110@1x.jpg, telefon2el@2x.jpg, tablet_ikinciel@2x.jpg, camasir_makinesi_210110@1x.jpg, bonus@1x.png, bahcemobilyalari_250417@2x.png, pc_bilesen_210110@1x.jpg, oto_aksesuar_230404@1x.jpg, opt_1@1x.png, app-gallery-tp@1x.png, home_phones@2x.png, supurge_210110@1x.jpg, dondurucu_220530@1x.jpg, utu_210110@1x.jpg, tv_210110@1x.jpg, opt_1@2x.png, veri_depolama_220901@1x.jpg, mutfak_aletleri_210110@1x.jpg, wearable_technology@1x.png, opt_3@1x.png, opt_2@2x.png, tablet_210110@1x.jpg, saglik_210110@1x.jpg, notebook_210110@1x.jpg, tv_aksesuar_220901@1x.jpg, teleskop_230105@1x.jpg, akilli_ev_220902@1x.jpg, wellbeing@1x.jpg, mobile_phones@2x.png, sofra_mutfak_230404@1x.jpg, gaming_221230@1x.jpg, mobile_phones@1x.png, cocuk_saati_220822@1x.jpg, hoparlor_210110@1x.jpg, yazici_210110@1x.jpg, widget_samsung_mikrodalga_firin_250425@2x.jpg, saat_bileklik_aksesuar_220822@1x.jpg, lnb_220901@1x.jpg, oyun_210110@1x.jpg, android-device@2x.png, modem_220901@1x.jpg, kulaklik_220902@1x.jpg, guvenlik_kamerasi_220218@1x.jpg, widget_logitech_nisan_mainstream_250429@2x.jpg, 2liwidget_applejenerik_241105@2x.jpg, zb-bankkart@2x.png, mangalbarbeku_250417@2x.png, notebook_ikinciel@2x.jpg, google-play-tp@2x.png, opt_8@2x.png, opt_5@2x.png, kol_saati@2x.jpg, hirdavatyap_250418@2x.png, euronics@1x.png, opt_8@1x.png, ai_phone@2x.jpg, firin_210110@1x.jpg, ofis_mobilyalari_210110@1x.jpg, kahve_makinesi_210110@1x.jpg, sac_kurutma_210110@1x.jpg, widget_yenilenmistelefon_hb_bilisim_250418@2x.jpg, pikap_220901@1x.jpg, akilli_bileklik_220822@1x.jpg, giyilebilir_ikinciel@2x.jpg, 2liwidget_dysonairstrait_241128@2x.jpg, evcil_hayvan_231103@2x.jpg, pc_bilesen_220316@1x.jpg, bulasik_makinesi_210110@1x.jpg, lens_210110@1x.jpg, sanal_gerceklik_220822@1x.jpg, hafiza_kartlari_210110@1x.jpg, desktop_210110@1x.jpg, muzik_kayit221230@1x.jpg, tiras_220901@1x.jpg",https://www.teknosa.com/,https://www.google.com/maps/place/FTS+GSM/data=!4m7!3m6!1s0x14cb45688e212e13:0x1c15b0842297e31f!8m2!3d40.7652486!4d29.9288101!16s%2Fg%2F11sjtlv991!19sChIJEy4hjmhFyxQRH-OXIoSwFRw?authuser=0&hl=tr&rclk=1
İZMİT IPHONE SATIŞ BAYİSİ NOVO MOBİL - GARANTİLİ TEKNİK SERVİS,"Ömerağa, Akça Cami Cd. NO:18/E, 41100 İzmit/Kocaeli",0541 115 41 41,,http://izmitiphoneteknikservis.com/,https://www.google.com/maps/place/Gsm+Teknik+Servis/data=!4m7!3m6!1s0x14cb4feefdf0d887:0x3de768282ede1130!8m2!3d40.7653954!4d29.9298518!16s%2Fg%2F11rctxknd1!19sChIJh9jw_e5PyxQRMBHeLiho5z0?authuser=0&hl=tr&rclk=1
TURKCELL GUNES İLETİŞİM,"Yeşilova, Yeşilova Cd. 12/a, 41100 İzmit/Kocaeli",0533 163 79 47,,N/A,https://www.google.com/maps/place/Teknosa/data=!4m7!3m6!1s0x14cb500366ecf527:0x812d27bc49efac7f!8m2!3d40.7585913!4d29.9790307!16s%2Fg%2F1q670h7f8!19sChIJJ_XsZgNQyxQRf6zvSbwnLYE?authuser=0&hl=tr&rclk=1
Türk Telekom,"Karabaş, Hürriyet Cd. No:139/A, 41040 İzmit/Kocaeli",444 1 444,,https://www.turktelekom.com.tr/,https://www.google.com/maps/place/%C4%B0ZM%C4%B0T+IPHONE+SATI%C5%9E+BAY%C4%B0S%C4%B0+NOVO+MOB%C4%B0L+-+GARANT%C4%B0L%C4%B0+TEKN%C4%B0K+SERV%C4%B0S/data=!4m7!3m6!1s0x14cb452649af4b19:0x5d6f3a12c500eb1b!8m2!3d40.7655553!4d29.9287702!16s%2Fg%2F11tmjrqj5d!19sChIJGUuvSSZFyxQRG-sAxRI6b10?authuser=0&hl=tr&rclk=1
Troyka GSM Teknik Servis,"Merkez, Amiral Sağlam Cd. No:21/A, 41650 Gölcük/Kocaeli",0541 128 71 41,,http://www.troykateknikservis.com.tr/,https://www.google.com/maps/place/TURKCELL+GUNES+%C4%B0LET%C4%B0%C5%9E%C4%B0M/data=!4m7!3m6!1s0x14cb4fbca71f35d7:0xcd4732bfdd8cde54!8m2!3d40.7868209!4d29.9719806!16s%2Fg%2F11y59b44tg!19sChIJ1zUfp7xPyxQRVN6M3b8yR80?authuser=0&hl=tr&rclk=1
Troyka GSM Teknik Servis,"Merkez, Amiral Sağlam Cd. No:21/A, 41650 Gölcük/Kocaeli",0541 128 71 41,,http://www.troykateknikservis.com.tr/,https://www.google.com/maps/place/T%C3%BCrk+Telekom/data=!4m7!3m6!1s0x14cb4ff2c1a1f61d:0x48f5f25d24d65de3!8m2!3d40.7640352!4d29.9309162!16s%2Fg%2F11j1g0tkxy!19sChIJHfahwfJPyxQR413WJF3y9Ug?authuser=0&hl=tr&rclk=1
Troyka GSM Teknik Servis,"Merkez, Amiral Sağlam Cd. No:21/A, 41650 Gölcük/Kocaeli",0541 128 71 41,,http://www.troykateknikservis.com.tr/,https://www.google.com/maps/place/Troyka+GSM+Teknik+Servis/data=!4m7!3m6!1s0x14cb44ae89407285:0x81bbfceef85ef23c!8m2!3d40.718291!4d29.8204032!16s%2Fg%2F11sx3t27g8!19sChIJhXJAia5EyxQRPPJe-O78u4E?authuser=0&hl=tr&rclk=1
Vodafone Dijital Partner,"Symbol Kocaeli Avm, Yazlık Yeni Mah, Atatürk Bulv No:34, 41650 Gölcük/Kocaeli",0545 440 05 42,,https://www.vodafone.com.tr/bayi/kocaeli/golcuk/ozdemir-iletisim-yilmaz-ulas-ozdemir?utm_source=gbp&utm_medium=google,https://www.google.com/maps/place/Turkcell+Ileti%C5%9Fim+Merkezi/data=!4m7!3m6!1s0x14cb44e0713bd37d:0x6e60933d0ccf1bfe!8m2!3d40.7210808!4d29.9504906!16s%2Fg%2F11fl46ch5j!19sChIJfdM7ceBEyxQR_hvPDD2TYG4?authuser=0&hl=tr&rclk=1
Vodafone Dijital Partner,"Symbol Kocaeli Avm, Yazlık Yeni Mah, Atatürk Bulv No:34, 41650 Gölcük/Kocaeli",0545 440 05 42,,https://www.vodafone.com.tr/bayi/kocaeli/golcuk/ozdemir-iletisim-yilmaz-ulas-ozdemir?utm_source=gbp&utm_medium=google,https://www.google.com/maps/place/Turkcell+Ileti%C5%9Fim+Merkezi/data=!4m7!3m6!1s0x14cb457f867081b3:0xe7d8a0ed939978b3!8m2!3d40.7642008!4d29.927897!16s%2Fg%2F11cs6kt9xc!19sChIJs4Fwhn9FyxQRs3iZk-2g2Oc?authuser=0&hl=tr&rclk=1
,"Ömerağa, Alemdar Cd. no:26, 41100 İzmit/Kocaeli",(0262) 331 42 34,,https://www.zorepremiumkocaeli.com/,https://www.google.com/maps/place/Vodafone+Dijital+Partner/data=!4m7!3m6!1s0x14cb500366d434cd:0xac5be7c72abe75c0!8m2!3d40.7591685!4d29.9795537!16s%2Fg%2F11bxg2pkf0!19sChIJzTTUZgNQyxQRwHW-KsfnW6w?authuser=0&hl=tr&rclk=1
GULF MOBİLE,"Ömerağa, Abdurrahman Yüksel Cd. BELSA PLAZA İŞ MERKEZİ D:9/4 BLOK NO:15, 41310 İzmit/Kocaeli",0545 541 13 21,,N/A,https://www.google.com/maps/place/Mobil+Market+Alikahya/data=!4m7!3m6!1s0x14cb512acba5e67f:0x8ad211cf83e51da7!8m2!3d40.7726997!4d30.0064184!16s%2Fg%2F11rb2hk3k6!19sChIJf-alyypRyxQRpx3lg88R0oo?authuser=0&hl=tr&rclk=1
Turkcell İletişim Merkezi,"Sanayi, Ömer Türkçakal Blv. B 610 A, 41040 İzmit/Kocaeli",0541 331 01 01,"gnc-icon@2x.png, fizy-icon@2x.png, upcall-icon@2x.png, bip-icon@2x.png",https://www.turkcell.com.tr/,https://www.google.com/maps/place/%C3%82l%C3%A2+Telefon+Aksesuar+Teknoloji/data=!4m7!3m6!1s0x14cb45ff5ff39f39:0xf8c5afd67a9708e6!8m2!3d40.7637998!4d29.9285833!16s%2Fg%2F11vbcstymk!19sChIJOZ_zX_9FyxQR5giXetavxfg?authuser=0&hl=tr&rclk=1
Hüner İletişim,"M. Alipaşa, Bağdat Cd. No:116, 41050 İzmit/Kocaeli (Izmit)",(0262) 325 67 86,,N/A,https://www.google.com/maps/place/GULF+MOB%C4%B0LE/data=!4m7!3m6!1s0x14cb45dbf47b5943:0xebd8bb669b6f4e90!8m2!3d40.7651272!4d29.9296518!16s%2Fg%2F11w22j1sjn!19sChIJQ1l79NtFyxQRkE5vm2a72Os?authuser=0&hl=tr&rclk=1
Aksesuar Kapında Kocaeli,"Çınarlı, Kamuran Cd. no:27, 41900 Derince/Kocaeli",0530 688 99 41,,https://www.instagram.com/aksesuarkapindakocaeli/,https://www.google.com/maps/place/Turkcell+%C4%B0leti%C5%9Fim+Merkezi/data=!4m7!3m6!1s0x14cb456151f64419:0x1e1affa3cc6eadd3!8m2!3d40.7536224!4d29.9473065!16s%2Fg%2F11c5bmbhdq!19sChIJGUT2UWFFyxQR061uzKP_Gh4?authuser=0&hl=tr&rclk=1
GSM Market Marmara,"Ömerağa, Akça Cami Cd. No:23/D, 41300 İzmit/Kocaeli",(0262) 324 74 44,,http://gsmmarketmarmara.sahibinden.com/,https://www.google.com/maps/place/H%C3%BCner+%C4%B0leti%C5%9Fim/data=!4m7!3m6!1s0x14cb4ff2c66cf54b:0x389affbf031c732!8m2!3d40.7672325!4d29.9519024!16s%2Fg%2F1hc46h3m3!19sChIJS_VsxvJPyxQRMscx8PuviQM?authuser=0&hl=tr&rclk=1
SZR TEKNOLOJİ VE İLETİŞİM HİZMETLERİ,"Yenişehir, Turan Güneş Cd. no:310/A, 41050 İzmit/Kocaeli",(0262) 321 55 55,,https://www.facebook.com/SZR-Teknoloji-ve-%C4%B0leti%C5%9Fim-Hizmetleri-1006335609445770/?ref=bookmarks,https://www.google.com/maps/place/Aksesuar+Kap%C4%B1nda+Kocaeli/data=!4m7!3m6!1s0x14cb47df47068ca9:0xf919cfb1354f2d61!8m2!3d40.770726!4d29.842791!16s%2Fg%2F11wpbccg1_!19sChIJqYwGR99HyxQRYS1PNbHPGfk?authuser=0&hl=tr&rclk=1
Doruk iletisim kocaeli,"D100 karayolu symbol avm, 41030 Başiskele/Kocaeli",0533 482 20 20,upcall-copy@3x.png,https://www.turkcell.com.tr/giris?authn_try_count=1&contextType=external&username=string&initial_command=NONE&contextValue=/oam&password=sercure_string&challenge_url=/giris&request_id=2202917740379107424&PLUGIN_CLIENT_RESPONSE=preload_attempt=2&p_error_code=OAM-2&p_error_codes_list=OAM-2&locale=tr&resource_url=%2Ftr%2Fhakkimizda%2Filetisim%2Fturkcell-iletisim-merkezleri,https://www.google.com/maps/place/GSM+Market+Marmara/data=!4m7!3m6!1s0x14cb4f14aca04b6d:0xc6e0b3aa126e5cb0!8m2!3d40.7657919!4d29.9293953!16s%2Fg%2F11pxlg0zwp!19sChIJbUugrBRPyxQRsFxuEqqz4MY?authuser=0&hl=tr&rclk=1
DMR ithalat TOPTAN AKSESUAR İZMİT ŞUBESİ,"Karabaş, Leyla Atakan Cd. 33/b, 41040 İzmit/Kocaeli",,,N/A,https://www.google.com/maps/place/SZR+TEKNOLOJ%C4%B0+VE+%C4%B0LET%C4%B0%C5%9E%C4%B0M+H%C4%B0ZMETLER%C4%B0/data=!4m7!3m6!1s0x14cb4fef8bc3035f:0x5d27b1bf704fb401!8m2!3d40.7755406!4d29.9624949!16s%2Fg%2F11fm9n3gw2!19sChIJXwPDi-9PyxQRAbRPcL-xJ10?authuser=0&hl=tr&rclk=1
Turkcell İletişim Merkezi,"Ömerağa, Hürriyet Cd. NO:123/A, 41300 İzmit/Kocaeli",(0262) 323 07 07,"gnc-icon@2x.png, fizy-icon@2x.png, upcall-icon@2x.png, bip-icon@2x.png",https://www.turkcell.com.tr/,https://www.google.com/maps/place/Doruk+iletisim+kocaeli/data=!4m7!3m6!1s0x14cb500381369d37:0x56137b6f741d3d22!8m2!3d40.758029!4d29.9795779!16s%2Fg%2F11h0td6r6x!19sChIJN502gQNQyxQRIj0ddG97E1Y?authuser=0&hl=tr&rclk=1
TURKCELL SUPERONLINE CELLNET,"Körfez, Yüce Rıfat Sk. No:56, 41100 İzmit/Kocaeli",(0262) 888 70 03,,http://www.cellnet.com.tr/,https://www.google.com/maps/place/DMR+ithalat+TOPTAN+AKSESUAR+%C4%B0ZM%C4%B0T+%C5%9EUBES%C4%B0/data=!4m7!3m6!1s0x14cb4f0061e0f58d:0x96bbaabf66f57302!8m2!3d40.765143!4d29.9342368!16s%2Fg%2F11lcvxsq1p!19sChIJjfXgYQBPyxQRAnP1Zr-qu5Y?authuser=0&hl=tr&rclk=1
Bicat-Telekom,"Alikahya Fatih, Seymen Cd. No:13, 41310 İzmit/Kocaeli",,,N/A,https://www.google.com/maps/place/Turkcell+%C4%B0leti%C5%9Fim+Merkezi/data=!4m7!3m6!1s0x14cb45b33955b367:0xd6d8307a9c5ccebb!8m2!3d40.763732!4d29.926435!16s%2Fg%2F11y2h7k9sr!19sChIJZ7NVObNFyxQRu85cnHow2NY?authuser=0&hl=tr&rclk=1
Türk Telekom,"Arastapark AVM, Yahyakaptan, Akasyalar Cd. No:24/1, 41050 İzmit/Kocaeli",444 1 444,,https://www.turktelekom.com.tr/,https://www.google.com/maps/place/TURKCELL+SUPERONLINE+CELLNET/data=!4m7!3m6!1s0x14cb4ff4a8f71e17:0xe96520fb1a3c9025!8m2!3d40.763804!4d29.9516672!16s%2Fg%2F11cls6_jg4!19sChIJFx73qPRPyxQRJZA8GvsgZek?authuser=0&hl=tr&rclk=1
Cephane İletişim,"Ömerağa, Akça Cami Cd. 19/B, 41100 İzmit/Kocaeli",0541 838 85 16,,N/A,https://www.google.com/maps/place/Bicat-Telekom/data=!4m7!3m6!1s0x14cb511d7c92ef17:0x72918bd3161f72e!8m2!3d40.7754299!4d29.977781!16s%2Fg%2F11hn6k3v7h!19sChIJF--SfB1RyxQRLvdhMb0YKQc?authuser=0&hl=tr&rclk=1
Dora Bilişim Ve İletişim,"Uğur apart, Karabaş, Leyla Atakan Cd. D:23/A, 41040 İzmit/Kocaeli",0554 141 36 72,,N/A,https://www.google.com/maps/place/T%C3%BCrk+Telekom/data=!4m7!3m6!1s0x14b60e8e201dd161:0x4a7b4ac60b927fce!8m2!3d40.7664548!4d29.9764353!16s%2Fg%2F11bycldl1z!19sChIJYdEdII4OthQRzn-SC8ZKe0o?authuser=0&hl=tr&rclk=1
Mir Gsm,,0539 664 66 27,,N/A,https://www.google.com/maps/place/Cephane+%C4%B0leti%C5%9Fim/data=!4m7!3m6!1s0x14cb452003c2c077:0xb4ea43f347bcf497!8m2!3d40.7657662!4d29.9289358!16s%2Fg%2F11g1lsk0qc!19sChIJd8DCAyBFyxQRl_S8R_ND6rQ?authuser=0&hl=tr&rclk=1
Blue Teknoloji,"Karabaş, İnönü Cd. No:236/C, 41040 İzmit/Kocaeli",0542 459 79 68,,N/A,https://www.google.com/maps/place/Dora+Bili%C5%9Fim+Ve+%C4%B0leti%C5%9Fim/data=!4m7!3m6!1s0x14cb4f6c29529b63:0x4647de90c5cdcf7b!8m2!3d40.7645777!4d29.9344282!16s%2Fg%2F11f7r202x3!19sChIJY5tSKWxPyxQRe8_NxZDeR0Y?authuser=0&hl=tr&rclk=1
hi-phone smart service,"Ömerağa, 41100 İzmit/Kocaeli",0553 103 19 00,,N/A,https://www.google.com/maps/place/Mir+Gsm/data=!4m7!3m6!1s0x14cb4f800abd70f7:0x6afb7a2b80f765b!8m2!3d39.0863079!4d35.1293295!16s%2Fg%2F11gj_n18kn!19sChIJ93C9CoBPyxQRW3YPuKK3rwY?authuser=0&hl=tr&rclk=1
Tim-Anacadde Ustu,"Doruk Kocaeli Iletisim.hizm.telekom.it.ih.s.tic.ltd., Omeraga MAH. Alemdar CAD. NO: 24 Izmit, İzmit, 41300 Kocaeli/Ömerağa Mh.",(0288) 214 00 04,,N/A,https://www.google.com/maps/place/Blue+Teknoloji/data=!4m7!3m6!1s0x14cb4f378fe449ad:0x6df6cdd698b5009c!8m2!3d40.7660774!4d29.931364!16s%2Fg%2F11t3h00p3w!19sChIJrUnkjzdPyxQRnAC1mNbN9m0?authuser=0&hl=tr&rclk=1
Kocaeli Bilgisayar Telefon Tablet Tamiri | Online Onarim,"Köseköy, Ak Sk. no:4, 41250 Kartepe/Kocaeli",0541 346 33 92,,N/A,https://www.google.com/maps/place/hi-phone+smart+service/data=!4m7!3m6!1s0x14cb45131b0c3459:0x121702b4fe0d392f!8m2!3d40.7685945!4d29.9079131!16s%2Fg%2F11lkwpnskf!19sChIJWTQMGxNFyxQRLzkN_rQCFxI?authuser=0&hl=tr&rclk=1
Telekomünikasyon,"Sahil, Güvenlik Cd. NO:12, 41090 Başiskele/Kocaeli",,,N/A,https://www.google.com/maps/place/Tim-Anacadde+Ustu/data=!4m7!3m6!1s0x14cb4fe324487051:0xb5606c92375101f7!8m2!3d40.7639149!4d29.9706641!16s%2Fg%2F11bzz_gqtq!19sChIJUXBIJONPyxQR9wFRN5JsYLU?authuser=0&hl=tr&rclk=1
Minatek İletişim,"Karabaş, Hürriyet Cd. No: 139A, 41110 İzmit/Kocaeli",0552 614 42 23,,N/A,https://www.google.com/maps/place/Kocaeli+Bilgisayar+Telefon+Tablet+Tamiri+%7C+Online+Onarim/data=!4m7!3m6!1s0x14cb5a9cdbf441bf:0xcb3ff3c01f3951ea!8m2!3d40.7398779!4d30.0061562!16s%2Fg%2F11dxb0hlb1!19sChIJv0H025xayxQR6lE5H8DzP8s?authuser=0&hl=tr&rclk=1
SAMSUNG 41 BURDA AVM,"Sanayi, Ömer Türkçakal Blv. No:7 No:7, 41000 İzmit/Kocaeli",(0262) 290 89 83,ozler@ozlerticaret.com.tr,http://www.ozlerticaret.com.tr/,https://www.google.com/maps/place/Telekom%C3%BCnikasyon/data=!4m7!3m6!1s0x14cb44f57898de31:0x90656576190c3f71!8m2!3d40.7127295!4d29.928257!16s%2Fg%2F11j8lzxq_y!19sChIJMd6YePVEyxQRcT8MGXZlZZA?authuser=0&hl=tr&rclk=1
CepCenter,"Tepecik, Fethiye Cd. No:43, 41200 İzmit/Kocaeli",0532 066 41 50,,https://cepcenterr.sahibinden.com/,https://www.google.com/maps/place/Minatek+%C4%B0leti%C5%9Fim/data=!4m7!3m6!1s0x14cb4578bcedc919:0xec0a369b3eff2c31!8m2!3d40.764182!4d29.9310577!16s%2Fg%2F11j99pbb2g!19sChIJGcntvHhFyxQRMSz_Pps2Cuw?authuser=0&hl=tr&rclk=1
Ay Teknik Servis,"Kemalpaşa, Şahabettin Bilgisu Cd. No:72 D:116, 41300 İzmit/Kocaeli",0553 974 18 56,,N/A,https://www.google.com/maps/place/SAMSUNG+41+BURDA+AVM/data=!4m7!3m6!1s0x14cb4561246d7555:0x5ff1cf68dae78c04!8m2!3d40.7564857!4d29.9473137!16s%2Fg%2F11c1wycckz!19sChIJVXVtJGFFyxQRBIzn2mjP8V8?authuser=0&hl=tr&rclk=1
Kocaeli Gsm Market,"Tepecik, 41200 İzmit/Kocaeli",,,https://gsmmarket.sahibinden.com/,https://www.google.com/maps/place/CepCenter/data=!4m7!3m6!1s0x14cb45801bbefaa5:0x8c0a30f972c6e7c9!8m2!3d40.7651961!4d29.9258078!16s%2Fg%2F11w3l_ggpy!19sChIJpfq-G4BFyxQRyefGcvkwCow?authuser=0&hl=tr&rclk=1
Alper İletişim,"28 Haziran, Deliloğlu Cad./dere Sok. No:16 D:1, 41060 Gölcük/Kocaeli (Izmit)",(0262) 426 94 70,,N/A,https://www.google.com/maps/place/Ay+Teknik+Servis/data=!4m7!3m6!1s0x14cb4550cf832f69:0x99ab6149fffa6802!8m2!3d40.7623217!4d29.9281945!16s%2Fg%2F11fsj7n71n!19sChIJaS-Dz1BFyxQRAmj6_0lhq5k?authuser=0&hl=tr&rclk=1
ÖMR İLETİŞİM,"Ömerağa, İnönü Cd. 192/A, 41000 İzmit/Kocaeli",0545 351 24 04,,N/A,https://www.google.com/maps/place/Kocaeli+Gsm+Market/data=!4m7!3m6!1s0x14cb4580f7f7b5f9:0xd7d1d1200acc4582!8m2!3d40.765226!4d29.9248478!16s%2Fg%2F11gpgslg4v!19sChIJ-bX394BFyxQRgkXMCiDR0dc?authuser=0&hl=tr&rclk=1
İZMİT EMBA İLETİŞİM TEKNOLOJİ,"Ömerağa, Akça Cami Cd., No:1F İzmit/Kocaeli",0538 540 00 53,,http://embailetisimteknolojikocaeli.sahibinden.com/,https://www.google.com/maps/place/Alper+%C4%B0leti%C5%9Fim/data=!4m7!3m6!1s0x14cb3f5be92f3733:0x4f1ca6546bea654f!8m2!3d40.7747148!4d29.9499548!16s%2Fg%2F1hc8gf2w4!19sChIJMzcv6Vs_yxQRT2Xqa1SmHE8?authuser=0&hl=tr&rclk=1
TECHNORYUM,"Mimar Sinan, Mehmet Akif Ersoy Cd. No:77, 41780 Belen/Kocaeli",0533 049 29 41,,N/A,https://www.google.com/maps/place/%C3%96MR+%C4%B0LET%C4%B0%C5%9E%C4%B0M/data=!4m7!3m6!1s0x14cb4f086d73b517:0x60f2e187fdc00576!8m2!3d40.765791!4d29.929467!16s%2Fg%2F11mhhqzgvk!19sChIJF7VzbQhPyxQRdgXA_Yfh8mA?authuser=0&hl=tr&rclk=1
MARS GSM,"Sanayi, Ömer Türkçakal Blv., 41100 İzmit/Kocaeli",0541 331 01 01,,https://marsgsm.sahibinden.com/,https://www.google.com/maps/place/%C4%B0ZM%C4%B0T+EMBA+%C4%B0LET%C4%B0%C5%9E%C4%B0M+TEKNOLOJ%C4%B0/data=!4m7!3m6!1s0x14cb457ffa1086df:0x5f3910fc39f443d4!8m2!3d40.7656251!4d29.9283158!16s%2Fg%2F11fmdls_q5!19sChIJ34YQ-n9FyxQR1EP0OfwQOV8?authuser=0&hl=tr&rclk=1
Gem İletişim,"Karabaş, Leyla Atakan Cd. No:14 D:C, 41040 İzmit/Kocaeli",(0262) 324 36 36,,N/A,https://www.google.com/maps/place/TECHNORYUM/data=!4m7!3m6!1s0x14cb39b0b3c7b719:0x5307d902b4b6aa68!8m2!3d40.772522!4d29.74184!16s%2Fg%2F11j93yj8qd!19sChIJGbfHs7A5yxQRaKq2tALZB1M?authuser=0&hl=tr&rclk=1
GENERAL MOBILE KOCAELİ YETKİLİ SERVİSİ,"Ömerağa, Alemdar Cd. No:34, 41300 İzmit/Kocaeli",(0262) 331 63 63,,http://iletkom.com/,https://www.google.com/maps/place/MARS+GSM/data=!4m7!3m6!1s0x14cb451629373db7:0x5460d0275df367a3!8m2!3d40.7536197!4d29.9473234!16s%2Fg%2F11w8sjqz_5!19sChIJtz03KRZFyxQRo2fzXSfQYFQ?authuser=0&hl=tr&rclk=1
41Cell İletişim,"Barbaros, Pınar Cd. No:49/A, 41090 Başiskele/Kocaeli",0541 639 41 41,,N/A,https://www.google.com/maps/place/Gem+%C4%B0leti%C5%9Fim/data=!4m7!3m6!1s0x14cb457dedf16cc3:0x3e78ddec05b4a6af!8m2!3d40.763789!4d29.9345034!16s%2Fg%2F1hc1m4t8s!19sChIJw2zx7X1FyxQRr6a0BezdeD4?authuser=0&hl=tr&rclk=1
Ekran Terapisi İzmit Şube,"SOYDAN İŞ MERKEZİ, Ömerağa, Alemdar Cd. No: 34 Zemin Kat No:4, 41300 İzmit/Kocaeli",0536 416 11 29,,N/A,https://www.google.com/maps/place/GENERAL+MOBILE+KOCAEL%C4%B0+YETK%C4%B0L%C4%B0+SERV%C4%B0S%C4%B0/data=!4m7!3m6!1s0x14cb457f8d457013:0xe4eb2c2caa14bf99!8m2!3d40.7647319!4d29.9284636!16s%2Fg%2F11hzxjf_55!19sChIJE3BFjX9FyxQRmb8Uqiws6-Q?authuser=0&hl=tr&rclk=1
M 2 M BİLİŞİM TEKNOLOJİLERİ,"28 HAZIRAN MAH.TURAN GUNES CAD 301 / b turkcell 28 HAZIRAN MAH.TURAN GUNES CAD, turkcell 301 / b, 41400 Kocaeli",0532 691 85 27,,https://www.instagram.com/bizdenistegelsin/,https://www.google.com/maps/place/41Cell+%C4%B0leti%C5%9Fim/data=!4m7!3m6!1s0x14cb45cc991dd00d:0xf8007d08f6990599!8m2!3d40.7110712!4d29.9323969!16s%2Fg%2F11f8fwbvsh!19sChIJDdAdmcxFyxQRmQWZ9gh9APg?authuser=0&hl=tr&rclk=1
Kıvanç iletişim,"atakan apartmani, Karabaş, Leyla Atakan Cd. no:17, 41040 İzmit/Kocaeli",0537 464 13 78,,N/A,https://www.google.com/maps/place/Ekran+Terapisi+%C4%B0zmit+%C5%9Eube/data=!4m7!3m6!1s0x14cb45002ffeca63:0x354542a9b6db554c!8m2!3d40.764594!4d29.9284436!16s%2Fg%2F11y9qmqz15!19sChIJY8r-LwBFyxQRTFXbtqlCRTU?authuser=0&hl=tr&rclk=1
ÇARŞI İLETİSİM,"ÖMERAĞA MAHALLESİ,ABDURRAHMAN YÜKSEL CADDESİ BELSA PLAZA İŞ HANI.NO:142 2.KAT ORTA SIRA, 41310 İzmit/Kocaeli",0537 883 72 54,,N/A,https://www.google.com/maps/place/M+2+M+B%C4%B0L%C4%B0%C5%9E%C4%B0M+TEKNOLOJ%C4%B0LER%C4%B0/data=!4m7!3m6!1s0x14cb4fc2f47524f3:0x51f628b6805d2842!8m2!3d40.7727293!4d29.9526499!16s%2Fg%2F11g1gmw25s!19sChIJ8yR19MJPyxQRQihdgLYo9lE?authuser=0&hl=tr&rclk=1
Türk Telekom,"Ömerağa, İnönü Cd. No:190, 41300 İzmit/Kocaeli",,,https://www.turktelekom.com.tr/,https://www.google.com/maps/place/K%C4%B1van%C3%A7+ileti%C5%9Fim/data=!4m7!3m6!1s0x14cb4f87598358fd:0x6a84e230eebb7cb2!8m2!3d40.763488!4d29.9346715!16s%2Fg%2F11hcknd4ql!19sChIJ_ViDWYdPyxQRsny77jDihGo?authuser=0&hl=tr&rclk=1
AGN Mobil - Telefon alım satım - İzmit Telefoncu - Telefon tamircisi - Teknik Servis -,"Ömerağa, Akça Cami Cd. No:11A, 41300 İzmit/Kocaeli",0539 230 42 74,,https://www.instagram.com/agn_mobil?igsh=MXQwOXYzNHpkZGpj,https://www.google.com/maps/place/%C3%87AR%C5%9EI+%C4%B0LET%C4%B0S%C4%B0M/data=!4m7!3m6!1s0x14cb451a841b92ff:0x290b9864ef35e74c!8m2!3d40.7652744!4d29.9289679!16s%2Fg%2F11fsnc07c3!19sChIJ_5IbhBpFyxQRTOc172SYCyk?authuser=0&hl=tr&rclk=1
"Mobile Expert-Cep Telefon, Tablet Teknik Servis","vakıf bank ATM si yanı, Ömer Ağa Mahallesi Abdurrahman yüksel caddesi, İzmit belediyesi arkası belsa plaza no:8 D:7.blok, 41310 İzmit/Kocaeli",,,N/A,https://www.google.com/maps/place/T%C3%BCrk+Telekom/data=!4m7!3m6!1s0x14caddc0cba041af:0xf66743936a295e61!8m2!3d40.7658402!4d29.9294689!16s%2Fg%2F11gdqcxn7w!19sChIJr0Ggy8DdyhQRYV4papNDZ_Y?authuser=0&hl=tr&rclk=1
Lider Telefon Premium,"Ömerağa, İnönü Cd. 170/A, 41001 İzmit/Kocaeli",0546 266 24 24,,https://youtube.com/@lidertelefon4141?si=xekDGUQNy-R-YMQR,https://www.google.com/maps/place/AGN+Mobil+-+Telefon+al%C4%B1m+sat%C4%B1m+-+%C4%B0zmit+Telefoncu+-+Telefon+tamircisi+-+Teknik+Servis+-/data=!4m7!3m6!1s0x14cb4f8070f10015:0x12b5ea284a2981b9!8m2!3d40.7656335!4d29.9285194!16s%2Fg%2F11f4pfrf77!19sChIJFQDxcIBPyxQRuYEpSijqtRI?authuser=0&hl=tr&rclk=1
Kalite Iletişim,"Karabaş, İnönü Cd. No:234, 41040 İzmit/Kocaeli",0532 634 01 01,,N/A,"https://www.google.com/maps/place/Mobile+Expert-Cep+Telefon,+Tablet+Teknik+Servis/data=!4m7!3m6!1s0x14cb457fd0055573:0xa3c4e66bc0d76948!8m2!3d40.7659063!4d29.9297344!16s%2Fg%2F11c1wl73tc!19sChIJc1UF0H9FyxQRSGnXwGvmxKM?authuser=0&hl=tr&rclk=1"
Telefon Hastanesi Başiskele,"Yeşilyurt, Çuhadar Cd. D:no 15, 41190 Başiskele/Kocaeli",0543 955 71 71,,N/A,https://www.google.com/maps/place/Lider+Telefon+Premium/data=!4m7!3m6!1s0x14cb45ecb8a50c9b:0xf9abbfcf0980b8ff!8m2!3d40.7656676!4d29.9283754!16s%2Fg%2F11kqcjwwdn!19sChIJmwyluOxFyxQR_7iACc-_q_k?authuser=0&hl=tr&rclk=1
Cep park iletişim,"Ömerağa, Naci Girgin Sk. no:11/A, 41050 İzmit/Kocaeli",0534 933 23 03,,N/A,https://www.google.com/maps/place/Kalite+Ileti%C5%9Fim/data=!4m7!3m6!1s0x14cb4f808c5a831f:0x18189be38281abc3!8m2!3d40.7661362!4d29.9311825!16s%2Fg%2F11h0mw8tgl!19sChIJH4NajIBPyxQRw6uBguObGBg?authuser=0&hl=tr&rclk=1
Emirhan Gsm 🍏,,0543 608 49 59,,N/A,https://www.google.com/maps/place/Telefon+Hastanesi+Ba%C5%9Fiskele/data=!4m7!3m6!1s0x14cb44e05a723a25:0x60021e7aef3cb97!8m2!3d40.7210592!4d29.9487524!16s%2Fg%2F11hcz1g0_t!19sChIJJTpyWuBEyxQRl8vzruchAAY?authuser=0&hl=tr&rclk=1
savan telefon hastanesi,"Çenedağ, Denizciler Cd. 68/b, 41900 Derince/Kocaeli",0537 579 57 02,,N/A,https://www.google.com/maps/place/Cep+park+ileti%C5%9Fim/data=!4m7!3m6!1s0x14cb454dde6b6dd1:0x9dd17d1e81507e9c!8m2!3d40.7626977!4d29.9278561!16s%2Fg%2F11fm_72q10!19sChIJ0W1r3k1FyxQRnH5QgR590Z0?authuser=0&hl=tr&rclk=1
Telefon Hastanesi,"Ömerağa, Abdurrahman Yüksel Cd. Belsa Plaza D:3/4 blok, No:14, 41300 İzmit/Kocaeli",0537 238 34 84,,N/A,https://www.google.com/maps/place/Emirhan+Gsm+%F0%9F%8D%8F/data=!4m7!3m6!1s0x14cb45a86d01d6b9:0x3ffcdedefae86ec9!8m2!3d40.8136605!4d29.8300515!16s%2Fg%2F11lw385mxb!19sChIJudYBbahFyxQRyW7o-t7e_D8?authuser=0&hl=tr&rclk=1
levent bilişim teknolojileri,"Yenişehir, Turan Güneş Cd. no:260, 41050 İzmit/Kocaeli",0532 732 00 85,,N/A,https://www.google.com/maps/place/savan+telefon+hastanesi/data=!4m7!3m6!1s0x14cb4778cade3f67:0x47ce29baadeb9d35!8m2!3d40.7578121!4d29.8316488!16s%2Fg%2F11r7f57jy1!19sChIJZz_eynhHyxQRNZ3rrbopzkc?authuser=0&hl=tr&rclk=1
Cep Teknik belsa,"Belsa plaza zemin kat (arçelik karşısı) no.79, 41040 İzmit/Kocaeli",0545 679 71 65,,N/A,https://www.google.com/maps/place/Telefon+Hastanesi/data=!4m7!3m6!1s0x14cb4559c680fbe7:0x27e1fd191be0a729!8m2!3d40.7652031!4d29.9296393!16s%2Fg%2F11svpx4sm8!19sChIJ5_uAxllFyxQRKafgGxn94Sc?authuser=0&hl=tr&rclk=1
ZEYBEK İLETİŞİM,"Ömerağa, İnönü Cd. No:208 D:A, 41900 İzmit/Kocaeli",0538 203 34 59,,N/A,https://www.google.com/maps/place/levent+bili%C5%9Fim+teknolojileri/data=!4m7!3m6!1s0x14cb4594c84f9ced:0x9a4a33185670978b!8m2!3d40.7724984!4d29.9546543!16s%2Fg%2F11sfw2_t8_!19sChIJ7ZxPyJRFyxQRi5dwVhgzSpo?authuser=0&hl=tr&rclk=1
Genç İletişim,"Karabaş, Leyla Atakan Cd. No:31, 41040 İzmit/Kocaeli",,,N/A,https://www.google.com/maps/place/Cep+Teknik+belsa/data=!4m7!3m6!1s0x14cb457fc1519549:0xe77922732c048490!8m2!3d40.764709!4d29.9295807!16s%2Fg%2F11hbkb476f!19sChIJSZVRwX9FyxQRkIQELHMieec?authuser=0&hl=tr&rclk=1
Famu telefon aksesuar,"karabaş mahallesi istiklal caddesi ikizliçeşme sokak no1b, 41650 İzmit/Kocaeli",,,N/A,https://www.google.com/maps/place/ZEYBEK+%C4%B0LET%C4%B0%C5%9E%C4%B0M/data=!4m7!3m6!1s0x14cb4f9084ad19bd:0xe88f8aceae01d0be!8m2!3d40.7659066!4d29.9299238!16s%2Fg%2F11vzqh90g4!19sChIJvRmthJBPyxQRvtABrs6Kj-g?authuser=0&hl=tr&rclk=1
M o B i L £,"Doğan, Hasan Atakan Cd. No:28, 41100 İzmit/Kocaeli",,,N/A,https://www.google.com/maps/place/Gen%C3%A7+%C4%B0leti%C5%9Fim/data=!4m7!3m6!1s0x14cb4fdecf150a9b:0xdd9d31a67c48dc41!8m2!3d40.7649128!4d29.9342274!16s%2Fg%2F11l3p5h4m4!19sChIJmwoVz95PyxQRQdxIfKYxnd0?authuser=0&hl=tr&rclk=1
Başiskelekom,"Barbaros, Atatürk Cd. no:77/D, 41100 Başiskele/Kocaeli",0541 885 64 96,,N/A,https://www.google.com/maps/place/Famu+telefon+aksesuar/data=!4m7!3m6!1s0x14cb4f8d98d7019f:0xaccf92714c840bc1!8m2!3d40.7650045!4d29.9324707!16s%2Fg%2F11r_vm9rxv!19sChIJnwHXmI1PyxQRwQuETHGSz6w?authuser=0&hl=tr&rclk=1
Mobilce (yerine Âlâ Telefon Aksesuar açıldı),"Ömerağa, Alemdar Cd. No:18 D:18, 41100 İzmit/Kocaeli",(0262) 331 42 34,,N/A,https://www.google.com/maps/place/M+o+B+i+L+%C2%A3/data=!4m7!3m6!1s0x14cb460bc1da4db5:0x480ee37e2d2d18af!8m2!3d40.7656391!4d29.8771205!16s%2Fg%2F11cs5g8842!19sChIJtU3awQtGyxQRrxgtLX7jDkg?authuser=0&hl=tr&rclk=1
YENİŞEHİR İLETİŞİM,"Yenişehir, Gazi Mustafa Kemal Blv. No:115, 41050 İzmit/Kocaeli",0537 337 89 89,,N/A,https://www.google.com/maps/place/Ba%C5%9Fiskelekom/data=!4m7!3m6!1s0x14cb4509ea3b9dff:0x176d7227d18c8541!8m2!3d40.7050373!4d29.9306841!16s%2Fg%2F11p5jyw4mh!19sChIJ_5076glFyxQRQYWM0SdybRc?authuser=0&hl=tr&rclk=1
Türk Telekom,"Tepecik, Cumhuriyet Cd. No:88, 41200 İzmit/Kocaeli",444 1 444,,https://www.turktelekom.com.tr/,https://www.google.com/maps/place/Mobilce+%28yerine+%C3%82l%C3%A2+Telefon+Aksesuar+a%C3%A7%C4%B1ld%C4%B1%29/data=!4m7!3m6!1s0x14cb4586d7e6b4fd:0x5c5eb178fc1fc9fd!8m2!3d40.7637998!4d29.9285833!16s%2Fg%2F11cp7fmw_p!19sChIJ_bTm14ZFyxQR_ckf_HixXlw?authuser=0&hl=tr&rclk=1
turkcell dağıtım merkezi,"Sanayi, Kozalak Sk., 41040 İzmit/Kocaeli",,,N/A,https://www.google.com/maps/place/YEN%C4%B0%C5%9EEH%C4%B0R+%C4%B0LET%C4%B0%C5%9E%C4%B0M/data=!4m7!3m6!1s0x14cb4f145465f8ad:0x4735312bb976dc4c!8m2!3d40.767885!4d29.9611132!16s%2Fg%2F11f5v8hpc4!19sChIJrfhlVBRPyxQRTNx2uSsxNUc?authuser=0&hl=tr&rclk=1
Türk Telekom,"Karabaş, Leyla Atakan Cd. No:35/A, 41040 İzmit/Kocaeli",444 1 444,,https://www.turktelekom.com.tr/,https://www.google.com/maps/place/T%C3%BCrk+Telekom/data=!4m7!3m6!1s0x15288f159ab55705:0x4b8c723b0ab660f0!8m2!3d40.7628024!4d29.9248273!16s%2Fg%2F11ddww1bgq!19sChIJBVe1mhWPKBUR8GC2CjtyjEs?authuser=0&hl=tr&rclk=1
HİRA İLETİŞİM PLUS,"Barbaros, Pınar Cd. 25 b, 41090 Başiskele/Kocaeli",,,https://instagram.com/hirailetisimplus?utm_medium=copy_link,https://www.google.com/maps/place/turkcell+da%C4%9F%C4%B1t%C4%B1m+merkezi/data=!4m7!3m6!1s0x14cb455c6856e427:0x61f6eac2ea1f1d90!8m2!3d40.7522415!4d29.9552261!16s%2Fg%2F11c17jk071!19sChIJJ-RWaFxFyxQRkB0f6sLq9mE?authuser=0&hl=tr&rclk=1
"NoteFix l Bilgisayar, Cep Telefonu ve Tablet Tamir Servisi","Ömerağa Mah. Alemdar Cad. Soydan İş Merkezi No:34/73, 41300 İzmit/Kocaeli",0555 448 72 12,info@notefix.com.tr,https://www.notefix.com.tr/,https://www.google.com/maps/place/T%C3%BCrk+Telekom/data=!4m7!3m6!1s0x406b20dadf06e41d:0x6419665226daac01!8m2!3d40.7655109!4d29.9343238!16s%2Fg%2F11bycdn084!19sChIJHeQG39oga0ARAazaJlJmGWQ?authuser=0&hl=tr&rclk=1
"NoteFix l Bilgisayar, Cep Telefonu ve Tablet Tamir Servisi","Ömerağa Mah. Alemdar Cad. Soydan İş Merkezi No:34/73, 41300 İzmit/Kocaeli",0555 448 72 12,info@notefix.com.tr,https://www.notefix.com.tr/,https://www.google.com/maps/place/H%C4%B0RA+%C4%B0LET%C4%B0%C5%9E%C4%B0M+PLUS/data=!4m7!3m6!1s0x14cb45b180943617:0x51158e4883ef85ee!8m2!3d40.7104342!4d29.9283149!16s%2Fg%2F11gyyxfptn!19sChIJFzaUgLFFyxQR7oXvg0iOFVE?authuser=0&hl=tr&rclk=1
Turkcell Iletişim Merkezi,,0535 585 41 41,,N/A,"https://www.google.com/maps/place/NoteFix+l+Bilgisayar,+Cep+Telefonu+ve+Tablet+Tamir+Servisi/data=!4m7!3m6!1s0x14cb457f8d7ddc5b:0x4c0b15831c3352d6!8m2!3d40.764632!4d29.928511!16s%2Fg%2F11c37jw6_2!19sChIJW9x9jX9FyxQR1lIzHIMVC0w?authuser=0&hl=tr&rclk=1"
Özkan Teknik Servis - Nova Mobil,"Ömerağa, Akça Cami Cd. NO:18 D:E, 41100 İzmit/Kocaeli",0541 115 41 41,,N/A,https://www.google.com/maps/place/Turkcell+Ileti%C5%9Fim+Merkezi/data=!4m7!3m6!1s0x14cb4f8b505961e5:0x9bd30981944937ff!8m2!3d40.763876!4d29.950323!16s%2Fg%2F11c1xjqghw!19sChIJ5WFZUItPyxQR_zdJlIEJ05s?authuser=0&hl=tr&rclk=1
EMRE TEKNİK SERVİS,"Karabaş, Hafiz Selim Efendi Sk. no:12/1, 41780 İzmit/Kocaeli",0541 622 54 45,,N/A,https://www.google.com/maps/place/CML+Mobile+aksesuar/data=!4m7!3m6!1s0x14cb4531face8409:0x9016bc695391a9de!8m2!3d40.7646544!4d29.9277662!16s%2Fg%2F11rc4p21_r!19sChIJCYTO-jFFyxQR3qmRU2m8FpA?authuser=0&hl=tr&rclk=1
İzmit İPhone Apple Teknik Servis AppleTime,"Ömerağa, Alemdar Cd. Şen İş Merkezi Zemin Kat No : 46, 41100 İzmit/Kocaeli",0543 521 96 75,,N/A,https://www.google.com/maps/place/%C3%96zkan+Teknik+Servis+-+Nova+Mobil/data=!4m7!3m6!1s0x14cb457f9cacf43b:0x8d7f20c421a170d!8m2!3d40.7655553!4d29.9287702!16s%2Fg%2F11f3tyxbnk!19sChIJO_SsnH9FyxQRDRcaQgzy1wg?authuser=0&hl=tr&rclk=1
Kadir İletişim,"Ömerağa, İnönü Cd. no 190, 41100 İzmit/Kocaeli",0507 318 38 33,,N/A,https://www.google.com/maps/place/EMRE+TEKN%C4%B0K+SERV%C4%B0S/data=!4m7!3m6!1s0x14cb388245655555:0xdf929d9ac2b90154!8m2!3d40.762877!4d29.936633!16s%2Fg%2F11fmz2dmt7!19sChIJVVVlRYI4yxQRVAG5wpqdkt8?authuser=0&hl=tr&rclk=1
Türk Telekom,"Karabaş, Leyla Atakan Cd. No:23, 41040 İzmit/Kocaeli",444 1 444,,https://www.turktelekom.com.tr/,https://www.google.com/maps/place/%C4%B0zmit+%C4%B0Phone+Apple+Teknik+Servis+AppleTime/data=!4m7!3m6!1s0x14cb4535b0e38df3:0x59283dffc8cdc37b!8m2!3d40.7653828!4d29.9282524!16s%2Fg%2F11jw_sx3l6!19sChIJ843jsDVFyxQRe8PNyP89KFk?authuser=0&hl=tr&rclk=1
AKYÜZ İLETİŞİM,"Karabaş, İnönü Cd. No:252, 41040 İzmit/Kocaeli",0533 679 98 65,,N/A,https://www.google.com/maps/place/Kadir+%C4%B0leti%C5%9Fim/data=!4m7!3m6!1s0x14cb45801787e9fd:0xbcd0874aa88f505a!8m2!3d40.7658211!4d29.9293368!16s%2Fg%2F1hc1kbj3n!19sChIJ_emHF4BFyxQRWlCPqEqH0Lw?authuser=0&hl=tr&rclk=1
Poyraz WiFi Başiskele Şubesi,"Barbaros, Millet Cd. No:34/A, 41090 Başiskele/Kocaeli",0850 303 7969,,http://www.poyrazwifi.com.tr/,https://www.google.com/maps/place/T%C3%BCrk+Telekom/data=!4m7!3m6!1s0x152d66c27d54b351:0xdacc6c2391d4f3b7!8m2!3d40.7637507!4d29.9345928!16s%2Fg%2F11b7qf3kcc!19sChIJUbNUfcJmLRURt_PUkSNszNo?authuser=0&hl=tr&rclk=1
Poyraz WiFi Başiskele Şubesi,"Barbaros, Millet Cd. No:34/A, 41090 Başiskele/Kocaeli",0850 303 7969,,http://www.poyrazwifi.com.tr/,https://www.google.com/maps/place/AKY%C3%9CZ+%C4%B0LET%C4%B0%C5%9E%C4%B0M/data=!4m7!3m6!1s0x14cb4f355a9afe1f:0x408c142cf5017fdd!8m2!3d40.7663536!4d29.9320128!16s%2Fg%2F11vz7lq87l!19sChIJH_6aWjVPyxQR3X8B9SwUjEA?authuser=0&hl=tr&rclk=1
Poyraz WiFi Başiskele Şubesi,"Barbaros, Millet Cd. No:34/A, 41090 Başiskele/Kocaeli",0850 303 7969,,http://www.poyrazwifi.com.tr/,https://www.google.com/maps/place/Poyraz+WiFi+Ba%C5%9Fiskele+%C5%9Eubesi/data=!4m7!3m6!1s0x14cb45f1857f53a3:0x82b1573c24bfb303!8m2!3d40.7113841!4d29.9324025!16s%2Fg%2F11qjkhlkzq!19sChIJo1N_hfFFyxQRA7O_JDxXsYI?authuser=0&hl=tr&rclk=1
شفق للاتصالات,"Cedit, İnönü Cd. No:314, 41300 İzmit/Kocaeli",,,N/A,https://www.google.com/maps/place/Marmara+ileti%C5%9Fim-%C4%B0zmit+Telefon+tamiri-izmit+cep+telefonu+tamir+ve+ikinci+el+al%C4%B1m+sat%C4%B1m+merkezi/data=!4m7!3m6!1s0x14cb4566dedb5667:0xa32cf0898d231d10!8m2!3d40.7642674!4d29.9288339!16s%2Fg%2F11wtl8wn6h!19sChIJZ1bb3mZFyxQREB0jjYnwLKM?authuser=0&hl=tr&rclk=1
IphoneSamsungKocaeli,"Üniversitesi Antikpark Konukevi Yanı, Körfez, Şht. Rafet Karacan Blv 12/1, 41050 İzmit/Kocaeli",0534 970 50 70,,N/A,https://www.google.com/maps/place/%EF%A3%BF+APPLE%E2%80%99M+GSM+%EF%A3%BF/data=!4m7!3m6!1s0x14cb4f125495620b:0x2c5398a011c6c7b2!8m2!3d40.7649781!4d29.9324447!16s%2Fg%2F11sjv5gdq2!19sChIJC2KVVBJPyxQRssfGEaCYUyw?authuser=0&hl=tr&rclk=1
İphone garantili teknik servis,"Ömerağa, Fethiye Cd. öztalay iş merkezi, 41500 İzmit/Kocaeli",0535 045 70 78,,N/A,https://www.google.com/maps/place/%D8%B4%D9%81%D9%82+%D9%84%D9%84%D8%A7%D8%AA%D8%B5%D8%A7%D9%84%D8%A7%D8%AA%E2%80%AD/data=!4m7!3m6!1s0x14cb4f79974bc347:0x955ff43f5ad92427!8m2!3d40.7668958!4d29.9345758!16s%2Fg%2F11q8wxv12t!19sChIJR8NLl3lPyxQRJyTZWj_0X5U?authuser=0&hl=tr&rclk=1
Şah gsm teknik servis - İzmit cep telefon tamiri,"Ömerağa, İnönü Cd. No 202/b, 41300 İzmit/Kocaeli",0531 881 45 85,,N/A,https://www.google.com/maps/place/IphoneSamsungKocaeli/data=!4m7!3m6!1s0x14cb4fef275b660f:0x1cf0107b39af54!8m2!3d40.7645423!4d29.9485167!16s%2Fg%2F11h5r_4x6d!19sChIJD2ZbJ-9PyxQRVK85exDwHAA?authuser=0&hl=tr&rclk=1
Özgün Technology,"Şen İş Merkezi, Ömerağa, Alemdar Cd. No:67, 41100 İzmit/Kocaeli",0541 414 97 41,,N/A,https://www.google.com/maps/place/%C4%B0phone+garantili+teknik+servis/data=!4m7!3m6!1s0x14cb451d8b9c3287:0xe3999e49bbb0369c!8m2!3d40.7638916!4d29.9262972!16s%2Fg%2F11w33b4mcj!19sChIJhzKcix1FyxQRnDawu0memeM?authuser=0&hl=tr&rclk=1
ELMA KURDU GSM TEKNİK SERVİS,"Ömerağa, Sanayi Fuarı 4. Cd., 41300 İzmit/Kocaeli",,,N/A,https://www.google.com/maps/place/%C5%9Eah+gsm+teknik+servis+-+%C4%B0zmit+cep+telefon+tamiri/data=!4m7!3m6!1s0x14cb4f145db484e1:0x76fcdf0ccb0a8b39!8m2!3d40.7659351!4d29.9297282!16s%2Fg%2F11fj8g774h!19sChIJ4YS0XRRPyxQROYsKywzf_HY?authuser=0&hl=tr&rclk=1
Türk Telekom,"Ömerağa, İnönü Cd. No:170/A, 41200 İzmit/Kocaeli",444 1 444,,http://www.turktelekom.com.tr/,https://www.google.com/maps/place/%C3%96zg%C3%BCn+Technology/data=!4m7!3m6!1s0x14cb45e24fc12fd3:0xd85bc4f3dc69f6b2!8m2!3d40.7654927!4d29.9285159!16s%2Fg%2F11hhldqm0b!19sChIJ0y_BT-JFyxQRsvZp3PPEW9g?authuser=0&hl=tr&rclk=1
Nano Tech Gsm Market,"Ömerağa, Fethiye Cd. No: 23, 41300 İzmit/Kocaeli",0532 642 45 45,,N/A,https://www.google.com/maps/place/ELMA+KURDU+GSM+TEKN%C4%B0K+SERV%C4%B0S/data=!4m7!3m6!1s0x14cb45802116de3f:0x7aaef4a151e88620!8m2!3d40.7648256!4d29.9275565!16s%2Fg%2F11f_0vxwt4!19sChIJP94WIYBFyxQRIIboUaH0rno?authuser=0&hl=tr&rclk=1
İrfan Teknik Cep Telefonu Servisi,"Merkez, 39. Sk. No:3/36, 41650 Gölcük/Kocaeli",0535 564 93 66,"armut-header-logo-colour@2x.png, armut-logo-colour-negative@3x.png, destek@armut.com",https://armut.com/hizmetveren/irfan-tirpan-kocaeli-golcuk-telefon-servisi_8563373,https://www.google.com/maps/place/T%C3%BCrk+Telekom/data=!4m7!3m6!1s0x14cb500499f3067d:0xb93f7640f36b7fee!8m2!3d40.7656663!4d29.9282049!16s%2Fg%2F11ddwtfvrx!19sChIJfQbzmQRQyxQR7n9r80B2P7k?authuser=0&hl=tr&rclk=1
Kuzenler iletişim,"Turangunes cad. No :264, 41050 İzmit",0532 605 16 74,,N/A,https://www.google.com/maps/place/Nano+Tech+Gsm+Market/data=!4m7!3m6!1s0x14cb45804b27180d:0x76e7e87f63fda192!8m2!3d40.764223!4d29.926077!16s%2Fg%2F11gcc36llv!19sChIJDRgnS4BFyxQRkqH9Y3_o53Y?authuser=0&hl=tr&rclk=1
TEKNOCELL İLETİŞİM,"Ömerağa, Akça Cami Cd. No:33, 41000 İzmit/Kocaeli",0532 365 39 41,,N/A,https://www.google.com/maps/place/%C4%B0rfan+Teknik+Cep+Telefonu+Servisi/data=!4m7!3m6!1s0x14cb41fde2492d65:0xdd5c0c418185c535!8m2!3d40.7209679!4d29.8204159!16s%2Fg%2F11kc8fbpc5!19sChIJZS1J4v1ByxQRNcWFgUEMXN0?authuser=0&hl=tr&rclk=1
Best Telekom,"Çukurbağ, Musa Kazım Cd. No:3, 41300 İzmit/Kocaeli",(0262) 322 78 28,,N/A,https://www.google.com/maps/place/Kuzenler+ileti%C5%9Fim/data=!4m7!3m6!1s0x14cb4feb85d06e5d:0xa824ae55d636c5c6!8m2!3d40.7724946!4d29.9551698!16s%2Fg%2F11c3swlg4t!19sChIJXW7QhetPyxQRxsU21lWuJKg?authuser=0&hl=tr&rclk=1
MEGACEP İZMİT 2 EL TELEFON ALIM SATIM İZMİT TEKNİK SERVİS İZMİT İKİNCİ EL TELEFON İPHONE SAMSUNG OPPO HUAWEİ,"Ömerağa, Akça Cami Cd. 11/D, 41100 İzmit/Kocaeli",0532 461 99 41,,N/A,https://www.google.com/maps/place/TEKNOCELL+%C4%B0LET%C4%B0%C5%9E%C4%B0M/data=!4m7!3m6!1s0x14cb4f2ee4c15d71:0x40f589c528503c98!8m2!3d40.7658324!4d29.9299512!16s%2Fg%2F11t2cjnfhm!19sChIJcV3B5C5PyxQRmDxQKMWJ9UA?authuser=0&hl=tr&rclk=1
Turkcell İletişim Merkezi,"Sevim apt, Karabaş, Leyla Atakan Cd. no :21, 41040 İzmit/Kocaeli",0534 922 68 68,"gnc-icon@2x.png, fizy-icon@2x.png, upcall-icon@2x.png, bip-icon@2x.png",https://www.turkcell.com.tr/,https://www.google.com/maps/place/Best+Telekom/data=!4m7!3m6!1s0x14cb4f86d104a7a1:0xbcc77845437af5c!8m2!3d40.7671103!4d29.9340224!16s%2Fg%2F1tg8g1gj!19sChIJoacE0YZPyxQRXK83VIR3zAs?authuser=0&hl=tr&rclk=1
Karayel Bilgisayar,"Atakent, Saraçoğlu Cd. No:15, 41275 Başiskele/Kocaeli",(0262) 341 42 18,,N/A,https://www.google.com/maps/place/MEGACEP+%C4%B0ZM%C4%B0T+2+EL+TELEFON+ALIM+SATIM+%C4%B0ZM%C4%B0T+TEKN%C4%B0K+SERV%C4%B0S+%C4%B0ZM%C4%B0T+%C4%B0K%C4%B0NC%C4%B0+EL+TELEFON+%C4%B0PHONE+SAMSUNG+OPPO+HUAWE%C4%B0/data=!4m7!3m6!1s0x14cb454c65ad215d:0x648452a7ffa0730a!8m2!3d40.7656328!4d29.9285195!16s%2Fg%2F11pvsdbyc9!19sChIJXSGtZUxFyxQRCnOg_6dShGQ?authuser=0&hl=tr&rclk=1
BELSA GSM,"Ömerağa mah abdurahman yüksel caddesi belsa plaza no35 belsa plaza d giriş kapısı 10 metre ilerisi belsagsm, 41100 İzmit/Kocaeli",0552 224 72 04,,N/A,https://www.google.com/maps/place/Turkcell+%C4%B0leti%C5%9Fim+Merkezi/data=!4m7!3m6!1s0x14cb457df1c101a9:0x370359f4c43e2865!8m2!3d40.763732!4d29.934541!16s%2Fg%2F11h75_vgs_!19sChIJqQHB8X1FyxQRZSg-xPRZAzc?authuser=0&hl=tr&rclk=1
TROY Apple Yetkili Satıcı ve Yetkili Servis Sağlayıcısı,"Sanayi Mah. Ömer Türkçakal Bul. 41 Burda AVM Kat:1 No:156, 41040 İzmit/Kocaeli",0850 532 1992,"info@troyestore.com, Logo-Footer-Apple-Premium-Partner_100x@2x.svg, Autho_Ser_Provi_2ln_blk_US_051117_1eebbd09-930c-4776-a2ae-9b2d3555747a_130x@2x.svg, Authorized_Education_Specialist_2ln_blk_CAEN_110821_130x@2x.svg",https://www.troyestore.com/,https://www.google.com/maps/place/Karayel+Bilgisayar/data=!4m7!3m6!1s0x14cb45935578be8d:0x7ba2404c70d3bfbe!8m2!3d40.7047604!4d29.8870145!16s%2Fg%2F11ptvs9218!19sChIJjb54VZNFyxQRvr_TcExAons?authuser=0&hl=tr&rclk=1
perpashop,"Karadenizliler, Çakır Sk. No:5, 41140 Başiskele/Kocaeli",(0262) 319 39 49,,N/A,https://www.google.com/maps/place/BELSA+GSM/data=!4m7!3m6!1s0x14cb453480507acf:0xe45d82badc69b2aa!8m2!3d40.7646915!4d29.9293375!16s%2Fg%2F11rjj906gv!19sChIJz3pQgDRFyxQRqrJp3LqCXeQ?authuser=0&hl=tr&rclk=1
Turkcell Iletişim Merkezi,"Ömerağa, Alemdar Cd. NO: 24, 67900 İzmit/Kocaeli",0532 532 00 00,"gnc-icon@2x.png, fizy-icon@2x.png, upcall-icon@2x.png, bip-icon@2x.png",https://www.turkcell.com.tr/,https://www.google.com/maps/place/TROY+Apple+Yetkili+Sat%C4%B1c%C4%B1+ve+Yetkili+Servis+Sa%C4%9Flay%C4%B1c%C4%B1s%C4%B1/data=!4m7!3m6!1s0x14cb4563fc76d203:0xa9bc1f06aaafaecc!8m2!3d40.7565218!4d29.9473663!16s%2Fg%2F11g68_lbtv!19sChIJA9J2_GNFyxQRzK6vqgYfvKk?authuser=0&hl=tr&rclk=1
Isacell Aksesuar,"BARBAROS MAH EYÜP SULTAN CAD, Barbaros, Demet Sk. 16/5, 41090 Başiskele/Kocaeli",0535 294 22 41,,N/A,https://www.google.com/maps/place/perpashop/data=!4m7!3m6!1s0x14cb502691469951:0x18d1cb4b430f7d76!8m2!3d40.7394089!4d29.9644907!16s%2Fg%2F11c6djsf1p!19sChIJUZlGkSZQyxQRdn0PQ0vL0Rg?authuser=0&hl=tr&rclk=1
Türk Telekom,"Burda AVM, Sanayi, Ömer Türkçakal Blv. No:7 41, 41040 İzmit/Kocaeli",(0212) 644 37 48,,https://www.turktelekom.com.tr/,https://www.google.com/maps/place/Turkcell+Ileti%C5%9Fim+Merkezi/data=!4m7!3m6!1s0x14cb457f9d2bc225:0x7d31c4fa4bc752bf!8m2!3d40.7637629!4d29.9285918!16s%2Fg%2F11c1xk2_yz!19sChIJJcIrnX9FyxQRv1LHS_rEMX0?authuser=0&hl=tr&rclk=1
Türk Telekom,"Burda AVM, Sanayi, Ömer Türkçakal Blv. No:7 41, 41040 İzmit/Kocaeli",(0212) 644 37 48,,https://www.turktelekom.com.tr/,https://www.google.com/maps/place/Isacell+Aksesuar/data=!4m7!3m6!1s0x14cb4541fc2decf5:0xc71e08eee3ac62a2!8m2!3d40.7115672!4d29.9275727!16s%2Fg%2F11t859lk2z!19sChIJ9ewt_EFFyxQRomKs4-4IHsc?authuser=0&hl=tr&rclk=1
,"Sanayi, Kozalı Cd. Çarşı Yapı Sit, 41100 İzmit/Kocaeli",,,http://www.karel.com.tr/,https://www.google.com/maps/place/T%C3%BCrk+Telekom/data=!4m7!3m6!1s0x14cb456133fa9021:0x8b275ebbaea62017!8m2!3d40.7572614!4d29.9467026!16s%2Fg%2F11clsddxt2!19sChIJIZD6M2FFyxQRFyCmrrteJ4s?authuser=0&hl=tr&rclk=1
KAREL AŞ.,"Sanayi, Kozalı Cd. Çarşı Yapı Sit, 41100 İzmit/Kocaeli",,,http://www.karel.com.tr/,https://www.google.com/maps/place/Turkcell+Ileti%C5%9Fim+Merkezi/data=!4m7!3m6!1s0x14cb5003621605f1:0xb97bd74dc3c15e56!8m2!3d40.7586491!4d29.9792605!16s%2Fg%2F11cs6f3rtr!19sChIJ8QUWYgNQyxQRVl7Bw03Xe7k?authuser=0&hl=tr&rclk=1
KAREL AŞ.,"Sanayi, Kozalı Cd. Çarşı Yapı Sit, 41100 İzmit/Kocaeli",,,http://www.karel.com.tr/,https://www.google.com/maps/place/KAREL+A%C5%9E./data=!4m7!3m6!1s0x14cb45e164745b93:0x86164253a76ac350!8m2!3d40.7547863!4d29.9546234!16s%2Fg%2F11v_5qszpx!19sChIJk1t0ZOFFyxQRUMNqp1NCFoY?authuser=0&hl=tr&rclk=1
